Date,Block Height,RandomX Tari,RandomX XMR,SHA3x,Cuckaroo29
2025-05-08 10:38:50,1810,,,,
2025-05-08 10:43:45,1813,,,,
2025-05-08 10:45:13,1814,,,,
2025-05-08 11:00:12,1817,,,,
2025-05-08 12:00:10,1845,,,,
2025-05-08 14:00:04,1901,,,,
2025-05-08 15:00:04,1925,,,,
2025-05-08 16:00:06,1961,,,,
2025-05-08 17:00:06,1984,,,,
2025-05-08 18:00:07,2016,,,,
2025-05-08 19:00:00,2050,,,,
2025-05-08 20:00:09,2082,,,,
2025-05-08 21:00:09,2109,,,,
2025-05-08 22:00:04,2141,,,,
2025-05-08 23:00:08,2167,,,,
2025-05-09 00:00:12,2201,,,,
2025-05-09 01:00:14,2240,,,,
2025-05-09 02:00:15,2266,,,,
2025-05-09 03:00:06,2300,,,,
2025-05-09 04:00:16,2321,,,,
2025-05-09 05:00:17,2356,,,,
2025-05-09 06:00:18,2389,,,,
2025-05-09 07:00:18,2423,,,,
2025-05-09 08:00:19,2454,,,,
2025-05-09 09:00:20,2486,,,,
2025-05-09 10:00:20,2511,,,,
2025-05-09 12:00:07,2560,,,,
2025-05-09 13:00:11,2584,,,,
2025-05-09 14:00:00,2597,,,,
2025-05-09 15:00:04,2629,,,,
2025-05-09 16:00:05,2652,,,,
2025-05-09 17:00:18,2690,,,,
2025-05-09 18:00:24,2711,,,,
2025-05-09 19:00:15,2735,,,,
2025-05-09 20:00:04,2769,,,,
2025-05-09 21:00:13,2809,,,,
2025-05-09 22:00:27,2846,,,,
2025-05-09 23:00:28,2880,,,,
2025-05-10 00:00:29,2916,,,,
2025-05-10 01:00:02,2950,,,,
2025-05-10 02:00:07,2982,,,,
2025-05-10 03:00:12,3019,,,,
2025-05-10 04:00:18,3050,,,,
2025-05-10 05:00:23,3080,,,,
2025-05-10 06:00:29,3105,,,,
2025-05-10 07:00:22,3134,,,,
2025-05-10 08:00:19,3167,,,,
2025-05-10 09:00:12,3203,,,,
2025-05-10 10:00:03,3225,,,,
2025-05-10 11:00:36,3262,,,,
2025-05-10 12:00:22,3296,,,,
2025-05-10 13:00:02,3327,,,,
2025-05-10 14:00:06,3354,,,,
2025-05-10 17:00:09,3441,,,,
2025-05-10 18:00:14,3470,,,,
2025-05-10 19:00:41,3509,,,,
2025-05-10 20:00:42,3540,,,,
2025-05-10 22:00:02,3585,,,,
2025-05-10 23:00:07,3623,,,,
2025-05-11 00:00:11,3655,,,,
2025-05-11 01:00:16,3688,,,,
2025-05-11 02:00:21,3721,,,,
2025-05-11 03:00:27,3748,,,,
2025-05-11 04:00:32,3774,,,,
2025-05-11 05:00:26,3798,,,,
2025-05-11 06:00:43,3831,,,,
2025-05-11 07:00:02,3868,,,,
2025-05-11 08:00:03,3895,,,,
2025-05-11 09:00:42,3917,,,,
2025-05-11 10:00:03,3945,,,,
2025-05-11 11:00:07,3976,,,,
2025-05-11 12:00:11,4008,,,,
2025-05-11 13:00:05,4042,,,,
2025-05-11 14:00:07,4076,,,,
2025-05-11 15:00:24,4104,,,,
2025-05-11 16:00:05,4144,,,,
2025-05-11 17:00:05,4184,,,,
2025-05-11 19:00:03,4250,,,,
2025-05-11 20:00:11,4277,,,,
2025-05-11 21:00:18,4323,,,,
2025-05-11 22:00:27,4358,,,,
2025-05-11 23:00:02,4391,,,,
2025-05-12 00:00:07,4426,,,,
2025-05-12 01:00:13,4447,,,,
2025-05-12 02:00:11,4467,,,,
2025-05-12 03:00:02,4490,,,,
2025-05-12 04:00:28,4522,,,,
2025-05-12 05:00:25,4553,,,,
2025-05-12 06:00:00,4585,,,,
2025-05-12 07:00:05,4621,,,,
2025-05-12 08:00:16,4656,,,,
2025-05-12 09:00:54,4693,,,,
2025-05-12 10:00:09,4730,,,,
2025-05-12 11:00:04,4762,,,,
2025-05-12 12:00:09,4795,,,,
2025-05-12 13:00:14,4834,,,,
2025-05-12 14:00:19,4868,,,,
2025-05-12 15:00:02,4898,,,,
2025-05-12 16:00:29,4933,,,,
2025-05-12 17:00:34,4956,,,,
2025-05-12 18:00:04,4993,,,,
2025-05-12 19:00:08,5031,,,,
2025-05-12 20:00:47,5066,,,,
2025-05-12 21:00:54,5098,,,,
2025-05-12 22:00:24,5122,,,,
2025-05-12 23:00:05,5145,,,,
2025-05-13 00:00:09,5179,,,,
2025-05-13 01:00:09,5201,,,,
2025-05-13 02:00:02,5233,,,,
2025-05-13 03:00:28,5277,,,,
2025-05-13 04:00:04,5300,,,,
2025-05-13 05:00:18,5333,,,,
2025-05-13 06:00:01,5362,,,,
2025-05-13 07:00:50,5394,,,,
2025-05-13 08:00:02,5429,,,,
2025-05-13 09:00:01,5460,,,,
2025-05-13 10:00:07,5481,,,,
2025-05-13 11:00:12,5522,,,,
2025-05-13 12:00:05,5552,,,,
2025-05-13 13:00:23,5585,,,,
2025-05-13 14:00:08,5619,,,,
2025-05-13 15:00:23,5645,,,,
2025-05-13 16:00:39,5683,,,,
2025-05-13 17:00:44,5707,,,,
2025-05-13 18:00:16,5736,,,,
2025-05-13 19:00:30,5762,,,,
2025-05-13 20:00:33,5777,,,,
2025-05-13 21:00:34,5810,,,,
2025-05-13 22:00:21,5833,,,,
2025-05-13 23:00:18,5868,,,,
2025-05-14 00:00:19,5895,,,,
2025-05-14 01:00:49,5927,,,,
2025-05-14 02:00:25,5951,,,,
2025-05-14 03:00:03,5983,,,,
2025-05-14 04:00:59,6021,,,,
2025-05-14 05:00:03,6052,,,,
2025-05-14 06:00:06,6077,,,,
2025-05-14 07:00:04,6100,,,,
2025-05-14 08:00:00,6127,,,,
2025-05-14 09:00:16,6158,,,,
2025-05-14 10:00:20,6192,,,,
2025-05-14 11:00:23,6224,,,,
2025-05-14 12:00:27,6248,,,,
2025-05-14 13:00:30,6279,,,,
2025-05-14 14:00:34,6312,,,,
2025-05-14 15:00:02,6335,,,,
2025-05-14 16:00:27,6368,,,,
2025-05-14 17:00:44,6390,,,,
2025-05-14 18:00:45,6412,,,,
2025-05-14 19:00:00,6434,,,,
2025-05-14 20:00:51,6455,,,,
2025-05-14 21:00:58,6472,,,,
2025-05-14 22:00:02,6493,,,,
2025-05-14 23:00:06,6535,,,,
2025-05-15 00:00:11,6570,,,,
2025-05-15 01:00:15,6600,,,,
2025-05-15 02:00:00,6629,,,,
2025-05-15 03:00:23,6658,,,,
2025-05-15 04:00:26,6685,,,,
2025-05-15 05:00:31,6721,,,,
2025-05-15 06:00:34,6746,,,,
2025-05-15 07:00:39,6784,,,,
2025-05-15 08:00:43,6806,,,,
2025-05-15 09:00:07,6834,,,,
2025-05-15 10:00:50,6863,,,,
2025-05-15 11:00:01,6892,,,,
2025-05-15 12:00:59,6912,,,,
2025-05-15 13:00:03,6938,,,,
2025-05-15 14:00:06,6965,,,,
2025-05-15 15:00:14,6995,,,,
2025-05-15 16:00:18,7020,,,,
2025-05-15 17:00:21,7048,,,,
2025-05-15 18:00:26,7082,,,,
2025-05-15 19:00:30,7114,,,,
2025-05-15 20:00:24,7148,,,,
2025-05-15 21:00:37,7185,,,,
2025-05-15 22:00:41,7215,,,,
2025-05-15 23:00:07,7246,,,,
2025-05-16 00:00:49,7274,,,,
2025-05-16 01:00:54,7308,,,,
2025-05-16 02:00:58,7339,,,,
2025-05-16 03:00:03,7373,,,,
2025-05-16 04:00:05,7408,,,,
2025-05-16 05:00:06,7440,,,,
2025-05-16 06:00:07,7470,,,,
2025-05-16 07:00:20,7498,,,,
2025-05-16 08:00:24,7518,,,,
2025-05-16 09:00:28,7546,,,,
2025-05-16 10:00:33,7586,,,,
2025-05-16 11:00:37,7613,,,,
2025-05-16 12:00:35,7653,,,,
2025-05-16 13:00:03,7680,,,,
2025-05-16 14:00:09,7712,,,,
2025-05-16 15:00:56,7746,,,,
2025-05-16 16:00:00,7772,,,,
2025-05-16 17:00:04,7801,,,,
2025-05-16 18:00:08,7834,,,,
2025-05-16 19:00:00,7862,,,,
2025-05-16 20:00:00,7898,,,,
2025-05-16 21:00:21,7923,,,,
2025-05-16 22:00:01,7951,,,,
2025-05-16 23:00:09,7981,,,,
2025-05-17 00:00:18,8022,,,,
2025-05-17 01:00:38,8049,,,,
2025-05-17 02:00:42,8075,,,,
2025-05-17 03:00:30,8115,,,,
2025-05-17 04:00:52,8131,,,,
2025-05-17 05:00:16,8159,,,,
2025-05-17 06:00:01,8194,,,,
2025-05-17 07:00:05,8220,,,,
2025-05-17 08:00:01,8251,,,,
2025-05-17 09:00:13,8280,,,,
2025-05-17 10:00:17,8317,,,,
2025-05-17 11:00:17,8346,,,,
2025-05-17 12:00:26,8385,,,,
2025-05-17 13:00:29,8418,,,,
2025-05-17 14:00:30,8446,,,,
2025-05-17 15:00:38,8471,,,,
2025-05-17 16:00:42,8499,,,,
2025-05-17 17:00:47,8531,,,,
2025-05-17 18:00:12,8557,,,,
2025-05-17 19:00:01,8592,,,,
2025-05-17 20:01:00,8624,,,,
2025-05-17 21:00:04,8658,,,,
2025-05-17 22:00:09,8684,,,,
2025-05-17 23:00:14,8708,,,,
2025-05-18 00:00:18,8746,,,,
2025-05-18 01:00:20,8773,,,,
2025-05-18 02:00:21,8804,,,,
2025-05-18 03:00:33,8848,,,,
2025-05-18 04:00:38,8879,,,,
2025-05-18 05:00:43,8909,,,,
2025-05-18 06:00:45,8933,,,,
2025-05-18 07:00:52,8948,,,,
2025-05-18 08:00:57,8970,,,,
2025-05-18 09:00:01,9000,,,,
2025-05-18 10:00:06,9042,,,,
2025-05-18 11:00:11,9070,,,,
2025-05-18 12:00:16,9101,,,,
2025-05-18 13:00:21,9127,,,,
2025-05-18 14:00:26,9168,,,,
2025-05-18 15:00:18,9198,,,,
2025-05-18 16:00:35,9230,,,,
2025-05-18 17:00:40,9256,,,,
2025-05-18 18:00:16,9284,,,,
2025-05-18 19:00:49,9312,,,,
2025-05-18 20:00:53,9337,,,,
2025-05-18 21:00:54,9369,,,,
2025-05-18 22:00:03,9401,,,,
2025-05-18 23:00:07,9436,,,,
2025-05-19 00:00:12,9468,,,,
2025-05-19 01:00:18,9493,,,,
2025-05-19 02:00:23,9521,,,,
2025-05-19 03:00:17,9561,,,,
2025-05-19 04:00:32,9589,,,,
2025-05-19 05:00:38,9619,,,,
2025-05-19 06:00:43,9653,,,,
2025-05-19 07:00:32,9689,,,,
2025-05-19 08:00:33,9721,,,,
2025-05-19 09:00:12,9743,,,,
2025-05-19 10:00:03,9773,,,,
2025-05-19 11:00:08,9787,,,,
2025-05-19 12:00:10,9817,,,,
2025-05-19 13:00:07,9859,,,,
2025-05-19 14:00:23,9894,,,,
2025-05-19 15:00:33,9920,,,,
2025-05-19 16:00:38,9952,,,,
2025-05-19 17:00:43,9981,,,,
2025-05-19 18:00:38,10004,,,,
2025-05-19 19:00:53,10038,,,,
2025-05-19 20:00:58,10071,,,,
2025-05-19 21:00:02,10098,,,,
2025-05-19 22:00:07,10127,,,,
2025-05-19 23:00:12,10165,,,,
2025-05-20 00:00:17,10195,,,,
2025-05-20 01:00:23,10227,,,,
2025-05-20 02:00:28,10268,,,,
2025-05-20 03:00:03,10298,,,,
2025-05-20 04:00:04,10325,,,,
2025-05-20 05:00:44,10347,,,,
2025-05-20 06:00:49,10385,,,,
2025-05-20 07:00:55,10411,,,,
2025-05-20 08:00:00,10452,,,,
2025-05-20 09:00:05,10486,,,,
2025-05-20 10:00:10,10514,,,,
2025-05-20 11:00:15,10547,,,,
2025-05-20 12:00:20,10567,,,,
2025-05-20 13:00:07,10597,,,,
2025-05-20 14:00:30,10618,,,,
2025-05-20 15:00:08,10650,,,,
2025-05-20 16:00:39,10671,,,,
2025-05-20 17:00:09,10696,,,,
2025-05-20 18:00:16,10724,,,,
2025-05-20 19:00:55,10755,,,,
2025-05-20 20:00:12,10788,,,,
2025-05-20 21:00:04,10819,,,,
2025-05-20 22:00:06,10848,,,,
2025-05-20 23:00:14,10881,,,,
2025-05-21 00:00:19,10913,,,,
2025-05-21 01:00:25,10946,,,,
2025-05-21 02:00:16,10973,,,,
2025-05-21 03:00:36,11009,,,,
2025-05-21 04:00:41,11052,,,,
2025-05-21 05:00:46,11087,,,,
2025-05-21 06:00:30,11117,,,,
2025-05-21 07:00:35,11141,,,,
2025-05-21 08:00:02,11166,,,,
2025-05-21 09:00:08,11192,,,,
2025-05-21 10:00:13,11218,,,,
2025-05-21 11:00:18,11245,,,,
2025-05-21 12:00:24,11274,,,,
2025-05-21 13:00:19,11293,,,,
2025-05-21 14:00:09,11323,,,,
2025-05-21 15:00:39,11352,,,,
2025-05-21 16:00:21,11389,,,,
2025-05-21 17:00:50,11418,,,,
2025-05-21 18:00:55,11443,,,,
2025-05-21 19:00:00,11475,,,,
2025-05-21 20:00:05,11500,,,,
2025-05-21 21:00:08,11526,,,,
2025-05-21 22:00:16,11564,,,,
2025-05-21 23:00:22,11594,,,,
2025-05-22 00:00:27,11626,,,,
2025-05-22 01:00:33,11661,,,,
2025-05-22 02:00:39,11697,,,,
2025-05-22 03:00:45,11714,,,,
2025-05-22 04:00:51,11751,,,,
2025-05-22 05:00:11,11786,,,,
2025-05-22 06:00:02,11818,,,,
2025-05-22 07:00:08,11852,,,,
2025-05-22 08:00:13,11886,,,,
2025-05-22 09:00:19,11918,,,,
2025-05-22 10:00:14,11942,,,,
2025-05-22 11:00:29,11964,,,,
2025-05-22 12:00:10,11995,,,,
2025-05-22 13:00:41,12030,,,,
2025-05-22 14:00:15,12062,,,,
2025-05-22 15:00:53,12082,,,,
2025-05-22 16:00:58,12106,,,,
2025-05-22 17:00:02,12130,,,,
2025-05-22 18:00:07,12159,,,,
2025-05-22 19:00:08,12181,,,,
2025-05-22 20:00:09,12202,,,,
2025-05-22 21:00:10,12234,,,,
2025-05-22 22:00:22,12267,,,,
2025-05-22 23:00:12,12301,,,,
2025-05-23 00:00:39,12338,,,,
2025-05-23 01:00:44,12373,,,,
2025-05-23 02:00:35,12414,,,,
2025-05-23 03:00:54,12445,,,,
2025-05-23 04:00:02,12476,,,,
2025-05-23 05:00:08,12502,,,,
2025-05-23 06:00:13,12530,,,,
2025-05-23 07:00:19,12571,,,,
2025-05-23 08:00:24,12590,,,,
2025-05-23 09:00:30,12614,,,,
2025-05-23 10:00:13,12641,,,,
2025-05-23 11:00:35,12679,,,,
2025-05-23 12:00:37,12713,,,,
2025-05-23 13:00:37,12740,,,,
2025-05-23 14:00:04,12767,,,,
2025-05-23 15:00:03,12783,,,,
2025-05-23 16:00:09,12817,,,,
2025-05-23 17:00:12,12842,,,,
2025-05-23 18:00:20,12872,,,,
2025-05-23 19:00:26,12916,,,,
2025-05-23 20:00:32,12953,,,,
2025-05-23 21:00:29,12975,,,,
2025-05-23 22:00:15,13001,,,,
2025-05-23 23:00:48,13034,,,,
2025-05-24 00:00:03,13058,,,,
2025-05-24 01:00:01,13090,,,,
2025-05-24 02:00:07,13113,,,,
2025-05-24 03:00:13,13147,,,,
2025-05-24 04:00:19,13185,,,,
2025-05-24 05:00:28,13212,,,,
2025-05-24 06:00:34,13245,,,,
2025-05-24 07:00:16,13272,,,,
2025-05-24 08:00:05,13293,,,,
2025-05-24 09:00:09,13332,,,,
2025-05-24 10:00:58,13362,,,,
2025-05-24 11:00:03,13391,,,,
2025-05-24 12:00:10,13419,,,,
2025-05-24 13:00:15,13457,,,,
2025-05-24 14:00:19,13489,,,,
2025-05-24 15:00:27,13515,,,,
2025-05-24 16:00:19,13556,,,,
2025-05-24 17:00:39,13595,,,,
2025-05-24 18:00:08,13615,,,,
2025-05-24 19:00:08,13651,,,,
2025-05-24 20:00:57,13683,,,,
2025-05-24 21:00:03,13708,,,,
2025-05-24 22:00:09,13739,,,,
2025-05-24 23:00:11,13764,,,,
2025-05-25 00:00:22,13783,,,,
2025-05-25 01:00:28,13803,,,,
2025-05-25 02:00:10,13842,,,,
2025-05-25 03:00:06,13868,,,,
2025-05-25 04:00:47,13891,,,,
2025-05-25 05:00:54,13925,,,,
2025-05-25 06:01:00,13950,,,,
2025-05-25 07:00:06,13984,,,,
2025-05-25 08:00:11,14018,,,,
2025-05-25 09:00:12,14050,,,,
2025-05-25 10:00:13,14089,,,,
2025-05-25 11:00:14,14115,,,,
2025-05-25 12:00:14,14148,,,,
2025-05-25 13:00:09,14175,,,,
2025-05-25 14:00:16,14199,,,,
2025-05-25 15:00:36,14226,,,,
2025-05-25 16:00:40,14266,,,,
2025-05-25 17:00:44,14295,,,,
2025-05-25 18:00:28,14324,,,,
2025-05-25 19:00:50,14351,,,,
2025-05-25 20:00:27,14382,,,,
2025-05-25 21:00:58,14412,,,,
2025-05-25 22:00:02,14449,,,,
2025-05-25 23:00:06,14476,,,,
2025-05-26 00:00:10,14504,,,,
2025-05-26 01:00:14,14534,,,,
2025-05-26 02:00:18,14565,,,,
2025-05-26 03:00:22,14597,,,,
2025-05-26 04:00:26,14622,,,,
2025-05-26 05:00:30,14654,,,,
2025-05-26 06:00:33,14680,,,,
2025-05-26 07:00:37,14720,,,,
2025-05-26 08:00:37,14748,,,,
2025-05-26 09:00:45,14785,,,,
2025-05-26 10:00:05,14807,,,,
2025-05-26 11:00:06,14836,,,,
2025-05-26 12:00:46,14865,,,,
2025-05-26 13:00:59,14897,,,,
2025-05-26 13:35:58,14913,,,,
2025-05-26 13:37:17,14913,,,,
2025-05-26 14:00:02,14918,,,,
2025-05-26 15:00:06,14945,,,,
2025-05-26 16:00:09,14969,,,,
2025-05-26 17:00:12,15011,,,,
2025-05-29 14:38:26,17154,,,,
2025-05-29 14:38:26,17154,,,,
2025-05-29 19:32:02,17307,,,,
2025-05-29 21:00:44,17347,,,,
2025-05-29 22:00:45,17388,,,,
2025-05-29 23:00:43,17423,,,,
2025-05-30 00:00:47,17456,,,,
2025-05-30 01:00:48,17483,,,,
2025-05-30 02:00:01,17511,,,,
2025-05-30 03:00:06,17551,,,,
2025-05-30 04:00:06,17576,,,,
2025-05-30 05:00:13,17605,,,,
2025-05-30 06:00:16,17629,,,,
2025-05-30 07:00:10,17657,,,,
2025-05-30 08:00:23,17690,,,,
2025-05-30 09:00:26,17721,,,,
2025-05-30 10:00:31,17751,,,,
2025-05-30 11:00:21,17779,,,,
2025-05-30 12:00:10,17811,,,,
2025-05-30 13:00:21,17846,,,,
2025-05-30 14:00:45,17879,,,,
2025-05-30 15:00:06,17906,,,,
2025-05-30 16:00:52,17935,,,,
2025-05-30 17:00:57,17959,,,,
2025-05-30 18:00:00,17993,,,,
2025-05-30 19:00:04,18018,,,,
2025-05-30 20:00:07,18042,,,,
2025-05-30 21:00:11,18068,,,,
2025-05-30 22:00:15,18101,,,,
2025-05-30 23:00:19,18126,,,,
2025-05-31 00:00:23,18172,,,,
2025-05-31 01:00:26,18196,,,,
2025-05-31 02:00:03,18219,,,,
2025-05-31 03:00:35,18252,,,,
2025-05-31 04:00:47,18279,,,,
2025-05-31 05:00:48,18309,,,,
2025-05-31 06:00:49,18334,,,,
2025-05-31 07:00:12,18362,,,,
2025-05-31 08:00:02,18395,,,,
2025-05-31 09:00:05,18423,,,,
2025-05-31 10:00:09,18461,,,,
2025-05-31 11:00:12,18496,,,,
2025-05-31 12:00:16,18528,,,,
2025-05-31 13:00:12,18549,,,,
2025-05-31 14:00:13,18577,,,,
2025-05-31 15:00:05,18613,,,,
2025-05-31 18:00:02,18698,,,,
2025-05-31 21:00:04,18789,,,,
2025-06-01 00:00:06,18873,,,,
2025-06-01 03:00:08,18964,,,,
2025-06-01 06:00:10,19068,,,,
2025-06-01 09:00:12,19168,,,,
2025-06-01 12:00:07,19244,,,,
2025-06-01 15:00:10,19329,,,,
2025-06-01 18:00:18,19410,,,,
2025-06-01 21:00:20,19495,,,,
2025-06-02 00:00:22,19589,,,,
2025-06-02 03:00:24,19681,,,,
2025-06-02 06:00:01,19768,,,,
2025-06-02 09:00:11,19867,,,,
2025-06-02 12:00:22,19958,,,,
2025-06-02 15:00:31,20046,,,,
2025-06-02 18:00:33,20125,,,,
2025-06-02 21:00:33,20196,,,,
2025-06-03 00:00:01,20272,,,,
2025-06-03 03:00:11,20375,,,,
2025-06-03 06:00:22,20455,,,,
2025-06-03 12:00:42,20583,,,,
2025-06-14 15:00:02,28558,,,,
2025-06-14 18:00:04,28640,,,,
2025-06-14 21:00:06,28734,,,,
2025-06-15 00:00:08,28812,,,,
2025-06-15 03:00:01,28903,,,,
2025-06-15 06:00:12,28999,,,,
2025-06-15 09:00:14,29097,,,,
2025-06-15 12:00:16,29177,,,,
2025-06-15 15:00:00,29252,,,,
2025-06-15 18:00:15,29330,,,,
2025-06-15 21:00:22,29418,,,,
2025-06-16 00:00:25,29522,,,,
2025-06-16 03:00:01,29620,,,,
2025-06-16 06:00:19,29692,,,,
2025-06-16 09:00:14,29784,,,,
2025-06-16 12:00:20,29858,,,,
2025-06-16 15:00:02,29957,,,,
2025-06-16 18:00:18,30052,,,,
2025-06-16 21:00:06,30145,,,,
2025-06-17 00:00:04,30230,,,,
2025-06-17 03:00:04,30314,,,,
2025-06-17 06:00:08,30412,,,,
2025-06-17 09:00:11,30498,,,,
2025-06-17 12:00:13,30585,,,,
2025-06-17 15:00:01,30675,,,,
2025-06-17 18:00:12,30746,,,,
2025-06-17 21:00:21,30840,,,,
2025-06-18 00:00:06,30921,,,,
2025-06-18 03:00:25,31019,,,,
2025-06-18 06:00:27,31110,,,,
2025-06-18 09:00:04,31181,,,,
2025-06-18 12:00:06,31274,,,,
2025-06-18 15:00:25,31367,,,,
2025-06-18 18:00:25,31449,,,,
2025-06-18 21:00:11,31545,,,,
2025-06-19 00:00:05,31645,,,,
2025-06-19 03:00:18,31736,,,,
2025-06-19 06:00:33,31819,,,,
2025-06-19 09:00:44,31914,,,,
2025-06-19 12:00:18,31996,,,,
2025-06-19 15:00:09,32081,,,,
2025-06-19 15:00:09,32081,,,,
2025-06-19 18:00:23,32174,,,,
2025-06-19 21:00:36,32272,,,,
2025-06-20 00:00:50,32366,,,,
2025-06-20 03:00:04,32443,,,,
2025-06-20 06:00:18,32527,,,,
2025-06-20 09:00:39,32615,,,,
2025-06-20 12:00:54,32698,,,,
2025-06-20 15:00:03,32794,,,,
2025-06-20 18:00:09,32886,,,,
2025-06-20 21:00:03,32984,,,,
2025-06-21 00:00:48,33077,,,,
2025-06-21 03:00:02,33155,,,,
2025-06-21 06:00:15,33244,,,,
2025-06-21 09:00:05,33348,,,,
2025-06-21 12:00:40,33437,,,,
2025-06-21 15:00:53,33524,,,,
2025-06-21 18:00:05,33612,,,,
2025-06-21 21:00:19,33702,,,,
2025-06-22 00:00:34,33783,,,,
2025-06-22 03:00:50,33866,,,,
2025-06-22 06:00:05,33952,,,,
2025-06-22 09:00:19,34049,,,,
2025-06-22 12:00:34,34124,,,,
2025-06-22 15:00:49,34210,,,,
2025-06-22 18:00:04,34307,,,,
2025-06-22 21:00:18,34412,,,,
2025-06-23 00:00:37,34497,,,,
2025-06-23 03:00:50,34584,,,,
2025-06-23 06:00:09,34665,,,,
2025-06-23 09:00:25,34768,,,,
2025-06-23 12:00:41,34855,,,,
2025-06-23 15:00:12,34939,,,,
2025-06-23 18:00:11,35033,,,,
2025-06-23 21:00:27,35117,,,,
2025-06-24 00:00:30,35208,,,,
2025-06-24 03:01:00,35299,,,,
2025-06-24 06:00:16,35385,,,,
2025-06-24 09:00:33,35468,,,,
2025-06-24 12:00:48,35569,,,,
2025-06-24 15:00:05,35653,,,,
2025-06-24 18:00:21,35750,,,,
2025-06-24 21:00:38,35830,,,,
2025-06-25 00:00:55,35918,,,,
2025-06-25 03:00:12,36013,,,,
2025-06-25 06:00:30,36096,,,,
2025-06-25 09:00:02,36184,,,,
2025-06-25 12:00:02,36275,,,,
2025-06-25 15:00:18,36364,,,,
2025-06-25 18:00:35,36451,,,,
2025-06-25 21:00:52,36545,,,,
2025-06-26 00:00:10,36627,,,,
2025-06-26 03:00:31,36714,,,,
2025-06-26 06:00:49,36802,,,,
2025-06-26 09:00:07,36894,,,,
2025-06-26 12:00:24,37005,,,,
2025-06-26 15:00:42,37095,,,,
2025-06-26 18:00:40,37176,,,,
2025-06-26 21:00:17,37272,,,,
2025-06-27 00:00:10,37360,,,,
2025-06-27 03:00:53,37441,,,,
2025-06-27 06:00:12,37528,,,,
2025-06-27 09:00:30,37610,,,,
2025-06-27 12:00:16,37706,,,,
2025-06-27 15:00:04,37792,,,,
2025-06-27 18:00:14,37884,,,,
2025-06-27 18:00:14,37884,,,,
2025-06-27 21:00:35,37978,,,,
2025-06-28 00:00:00,38050,,,,
2025-06-28 03:00:02,38144,,,,
2025-06-28 06:00:04,38232,,,,
2025-06-28 09:00:06,38309,,,,
2025-06-28 12:00:08,38392,,,,
2025-06-28 15:00:10,38490,,,,
2025-06-28 18:00:02,38582,,,,
2025-06-28 21:00:06,38670,,,,
2025-06-29 00:00:16,38773,,,,
2025-06-29 03:00:18,38857,,,,
2025-06-29 06:00:20,38944,,,,
2025-06-29 09:00:04,39035,,,,
2025-06-29 12:00:16,39132,,,,
2025-06-29 15:00:25,39219,,,,
2025-06-29 18:00:27,39304,,,,
2025-06-29 21:00:29,39390,,,,
2025-06-30 00:00:04,39470,,,,
2025-06-30 03:00:17,39560,,,,
2025-06-30 06:00:31,39646,,,,
2025-06-30 09:00:32,39742,,,,
2025-06-30 12:00:39,39832,,,,
2025-06-30 15:00:00,39921,,,,
2025-06-30 18:00:22,40011,,,,
2025-06-30 21:00:30,40094,,,,
2025-07-01 00:00:49,40192,,,,
2025-07-01 03:00:01,40281,,,,
2025-07-01 06:00:15,40367,,,,
2025-07-01 09:00:29,40468,,,,
2025-07-01 12:00:08,40558,,,,
2025-07-01 15:00:44,40646,,,,
2025-07-01 18:00:07,40715,,,,
2025-07-01 21:00:21,40797,,,,
2025-07-02 00:00:36,40891,,,,
2025-07-02 03:00:38,40984,,,,
2025-07-02 06:00:04,41069,,,,
2025-07-02 09:00:01,41157,,,,
2025-07-02 12:00:13,41253,,,,
2025-07-02 15:00:46,41346,,,,
2025-07-02 18:00:01,41435,,,,
2025-07-02 21:00:14,41518,,,,
2025-07-03 00:00:12,41611,,,,
2025-07-03 03:00:14,41687,,,,
2025-07-03 06:00:16,41786,,,,
2025-07-03 09:00:17,41871,,,,
2025-07-03 12:00:20,41961,,,,
2025-07-03 15:00:15,42059,,,,
2025-07-03 18:00:02,42140,,,,
2025-07-03 21:00:17,42237,,,,
2025-07-04 00:00:13,42317,,,,
2025-07-04 03:00:14,42419,,,,
2025-07-04 06:00:07,42513,,,,
2025-07-04 09:00:23,42589,,,,
2025-07-04 12:00:35,42679,,,,
2025-07-04 15:00:11,42768,,,,
2025-07-04 18:00:11,42872,,,,
2025-07-04 21:00:28,42949,,,,
2025-07-05 00:00:42,43030,,,,
2025-07-05 03:00:02,43129,,,,
2025-07-05 06:00:20,43214,,,,
2025-07-05 09:00:38,43293,,,,
2025-07-05 12:00:50,43391,,,,
2025-07-05 15:00:12,43468,,,,
2025-07-05 18:00:30,43566,,,,
2025-07-05 21:00:48,43668,,,,
2025-07-06 00:00:06,43759,,,,
2025-07-06 03:00:24,43850,,,,
2025-07-06 06:00:18,43948,,,,
2025-07-06 09:00:53,44029,,,,
2025-07-06 12:00:17,44117,,,,
2025-07-06 15:00:35,44198,,,,
2025-07-06 18:00:39,44296,,,,
2025-07-06 21:00:03,44380,,,,
2025-07-07 00:00:30,44468,,,,
2025-07-07 03:00:49,44560,,,,
2025-07-07 06:00:09,44651,,,,
2025-07-07 09:00:27,44735,,,,
2025-07-07 12:00:12,44843,,,,
2025-07-07 15:00:05,44912,,,,
2025-07-07 18:00:29,44997,,,,
2025-07-07 21:00:48,45090,,,,
2025-07-08 00:00:07,45181,,,,
2025-07-08 03:00:27,45276,,,,
2025-07-08 06:00:47,45361,,,,
2025-07-08 09:00:05,45439,,,,
2025-07-08 12:00:24,45528,,,,
2025-07-08 15:00:10,45618,,,,
2025-07-08 18:00:00,45707,,,,
2025-07-08 21:00:20,45805,,,,
2025-07-09 00:00:39,45881,,,,
2025-07-09 03:00:59,45973,,,,
2025-07-09 06:00:17,46062,,,,
2025-07-09 09:00:36,46152,,,,
2025-07-09 12:00:57,46232,,,,
2025-07-09 15:00:16,46328,,,,
2025-07-09 18:00:30,46427,,,,
2025-07-09 21:00:53,46508,,,,
2025-07-10 00:00:12,46592,,,,
2025-07-10 03:00:32,46684,,,,
2025-07-10 06:00:52,46785,,,,
2025-07-10 09:00:08,46867,,,,
2025-07-10 12:00:19,46963,,,,
2025-07-10 15:00:45,47047,,,,
2025-07-10 18:00:03,47125,,,,
2025-07-10 21:00:22,47216,,,,
2025-07-11 00:00:02,47311,,,,
2025-07-11 03:01:00,47401,,,,
2025-07-11 06:00:12,47491,,,,
2025-07-11 09:00:18,47571,,,,
2025-07-11 12:00:35,47670,,,,
2025-07-11 15:00:07,47774,,,,
2025-07-11 18:00:50,47857,,,,
2025-07-11 21:00:10,47933,,,,
2025-07-12 00:00:22,48025,,,,
2025-07-12 03:00:35,48108,,,,
2025-07-12 06:00:00,48198,,,,
2025-07-12 09:00:58,48288,,,,
2025-07-12 12:00:11,48368,,,,
2025-07-12 15:00:23,48469,,,,
2025-07-12 18:00:36,48561,,,,
2025-07-12 21:00:07,48641,,,,
2025-07-13 00:00:01,48736,,,,
2025-07-13 03:00:14,48825,,,,
2025-07-13 06:00:27,48909,,,,
2025-07-13 09:00:41,48991,,,,
2025-07-13 12:00:54,49083,,,,
2025-07-13 15:00:07,49162,,,,
2025-07-13 18:00:20,49265,,,,
2025-07-13 21:00:32,49355,,,,
2025-07-14 00:00:37,49440,,,,
2025-07-14 03:00:00,49535,,,,
2025-07-14 06:00:12,49608,,,,
2025-07-14 09:00:25,49692,,,,
2025-07-14 12:00:38,49779,,,,
2025-07-14 15:00:14,49876,,,,
2025-07-14 18:00:05,49967,,,,
2025-07-14 21:00:19,50070,,,,
2025-07-15 00:00:35,50153,,,,
2025-07-15 03:00:49,50254,,,,
2025-07-15 06:00:04,50341,,,,
2025-07-15 09:00:17,50430,,,,
2025-07-15 12:00:29,50520,,,,
2025-07-15 15:00:24,50614,,,,
2025-07-15 18:00:56,50692,,,,
2025-07-15 21:00:10,50762,,,,
2025-07-16 00:00:25,50860,,,,
2025-07-16 03:00:39,50950,,,,
2025-07-16 06:00:15,51044,,,,
2025-07-16 09:00:07,51138,,,,
2025-07-16 12:00:20,51230,,,,
2025-07-16 15:00:35,51315,,,,
2025-07-16 18:00:48,51417,,,,
2025-07-16 21:00:03,51507,,,,
2025-07-17 00:00:04,51603,,,,
2025-07-17 03:00:35,51693,,,,
2025-07-17 06:00:49,51778,,,,
2025-07-17 09:00:05,51855,,,,
2025-07-17 12:00:10,51933,,,,
2025-07-17 15:00:15,52029,,,,
2025-07-17 18:00:28,52106,,,,
2025-07-17 21:00:02,52209,,,,
2025-07-18 00:00:05,52297,,,,
2025-07-18 03:00:33,52387,,,,
2025-07-18 06:00:49,52476,,,,
2025-07-18 09:00:04,52560,,,,
2025-07-18 12:00:19,52650,,,,
2025-07-18 15:00:13,52721,,,,
2025-07-18 18:00:47,52812,,,,
2025-07-18 21:00:03,52905,,,,
2025-07-19 00:00:06,52997,,,,
2025-07-19 03:00:32,53093,,,,
2025-07-19 06:00:47,53177,,,,
2025-07-19 09:00:02,53257,,,,
2025-07-19 12:00:17,53342,,,,
2025-07-19 15:00:33,53414,,,,
2025-07-19 18:00:48,53519,,,,
2025-07-19 21:00:04,53612,,,,
2025-07-20 00:00:21,53693,,,,
2025-07-20 03:00:24,53794,,,,
2025-07-20 06:00:26,53885,,,,
2025-07-20 09:00:07,53973,,,,
2025-07-20 12:00:23,54066,,,,
2025-07-20 15:00:39,54163,,,,
2025-07-20 18:00:55,54251,,,,
2025-07-20 21:00:10,54345,,,,
2025-07-21 00:00:04,54418,,,,
2025-07-21 03:00:27,54503,,,,
2025-07-21 06:00:59,54588,,,,
2025-07-21 09:00:14,54682,,,,
2025-07-21 12:00:30,54769,,,,
2025-07-21 15:00:00,54858,,,,
2025-07-21 18:00:02,54947,,,,
2025-07-21 21:00:04,55035,,,,
2025-07-22 00:00:04,55136,,,,
2025-07-22 03:00:08,55215,,,,
2025-07-22 06:00:09,55297,,,,
2025-07-22 09:00:12,55403,,,,
2025-07-22 12:00:14,55489,,,,
2025-07-22 15:00:05,55572,,,,
2025-07-22 18:00:18,55664,,,,
2025-07-22 21:00:20,55745,,,,
2025-07-23 00:00:00,55848,,,,
2025-07-23 03:00:22,55930,,,,
2025-07-23 06:00:27,56020,,,,
2025-07-23 09:00:01,56119,,,,
2025-07-23 12:00:07,56200,,,,
2025-07-23 15:00:33,56287,,,,
2025-07-23 18:00:35,56379,,,,
2025-07-23 21:00:04,56478,,,,
2025-07-24 00:00:16,56545,,,,
2025-07-24 03:00:19,56627,,,,
2025-07-24 06:00:21,56724,,,,
2025-07-24 09:00:23,56814,,,,
2025-07-24 12:00:04,56894,,,,
2025-07-24 15:00:16,56988,,,,
2025-07-24 18:00:29,57061,,,,
2025-07-24 21:00:41,57150,,,,
2025-07-25 00:00:54,57246,,,,
2025-07-25 03:00:07,57334,,,,
2025-07-25 06:00:06,57440,,,,
2025-07-25 09:00:14,57531,,,,
2025-07-25 12:00:44,57624,,,,
2025-07-25 15:00:56,57701,,,,
2025-07-25 18:00:09,57796,,,,
2025-07-25 21:00:21,57878,,,,
2025-07-26 00:00:34,57972,,,,
2025-07-26 03:00:47,58052,,,,
2025-07-26 06:01:00,58145,,,,
2025-07-26 09:00:13,58238,,,,
2025-07-26 12:00:26,58331,,,,
2025-07-26 15:00:02,58422,,,,
2025-07-26 18:00:51,58513,,,,
2025-07-26 21:00:04,58616,,,,
2025-07-27 00:00:18,58703,,,,
2025-07-27 03:00:32,58786,,,,
2025-07-27 06:00:47,58874,,,,
2025-07-27 09:01:00,58963,,,,
2025-07-27 12:00:13,59047,,,,
2025-07-27 15:00:17,59128,,,,
2025-07-27 18:00:39,59211,,,,
2025-07-27 21:00:53,59306,,,,
2025-07-28 00:00:07,59407,,,,
2025-07-28 03:00:21,59496,,,,
2025-07-28 06:00:35,59590,,,,
2025-07-28 09:00:04,59667,,,,
2025-07-28 12:00:02,59755,,,,
2025-07-28 15:00:16,59851,,,,
2025-07-28 18:00:10,59949,,,,
2025-07-28 21:00:45,60026,,,,
2025-07-29 00:00:00,60123,,,,
2025-07-29 03:00:14,60209,,,,
2025-07-29 06:00:28,60291,,,,
2025-07-29 09:00:31,60383,,,,
2025-07-29 12:00:08,60479,,,,
2025-07-29 15:00:08,60567,,,,
2025-07-29 18:00:20,60648,,,,
2025-07-29 21:00:31,60734,,,,
2025-07-30 00:00:48,60819,,,,
2025-07-30 03:00:04,60916,,,,
2025-07-30 06:00:19,61013,,,,
2025-07-30 09:00:33,61106,,,,
2025-07-30 12:00:12,61194,,,,
2025-07-30 15:00:01,61288,,,,
2025-07-30 18:00:02,61361,,,,
2025-07-30 21:00:28,61449,,,,
2025-07-31 00:00:41,61541,,,,
2025-07-31 03:00:12,61627,,,,
2025-07-31 06:00:11,61726,,,,
2025-07-31 09:00:01,61807,,,,
2025-07-31 12:00:40,61895,,,,
2025-07-31 15:00:45,61992,,,,
2025-07-31 18:00:10,62077,,,,
2025-07-31 21:00:25,62179,,,,
2025-08-01 00:00:41,62269,,,,
2025-08-01 03:00:30,62349,,,,
2025-08-01 06:00:14,62432,,,,
2025-08-01 09:00:30,62525,,,,
2025-08-01 12:00:46,62600,,,,
2025-08-01 15:00:02,62689,,,,
2025-08-01 18:00:17,62775,,,,
2025-08-01 21:00:12,62873,,,,
2025-08-02 00:00:49,62962,,,,
2025-08-02 03:00:07,63046,,,,
2025-08-02 06:00:23,63136,,,,
2025-08-02 09:00:13,63232,,,,
2025-08-02 12:00:56,63314,,,,
2025-08-02 15:00:12,63408,,,,
2025-08-02 18:00:29,63499,,,,
2025-08-02 21:00:32,63582,,,,
2025-08-03 00:00:03,63685,,,,
2025-08-03 03:00:20,63775,,,,
2025-08-03 06:00:07,63860,,,,
2025-08-03 09:00:54,63942,,,,
2025-08-03 12:00:10,64026,,,,
2025-08-03 15:00:28,64123,,,,
2025-08-03 18:00:45,64208,,,,
2025-08-03 21:00:02,64299,,,,
2025-08-04 00:00:19,64387,,,,
2025-08-04 03:00:12,64464,,,,
2025-08-04 06:00:55,64559,,,,
2025-08-04 09:00:02,64641,,,,
2025-08-04 12:00:27,64720,,,,
2025-08-04 15:00:43,64829,,,,
2025-08-04 18:01:00,64928,,,,
2025-08-04 21:00:03,65010,,,,
2025-08-05 00:00:33,65110,,,,
2025-08-05 03:00:51,65201,,,,
2025-08-05 06:00:09,65273,,,,
2025-08-05 09:00:25,65361,,,,
2025-08-05 12:00:18,65460,,,,
2025-08-05 15:00:07,65546,,,,
2025-08-05 18:00:24,65632,,,,
2025-08-05 21:00:42,65712,,,,
2025-08-06 00:00:00,65800,,,,
2025-08-06 03:00:19,65902,,,,
2025-08-06 06:00:37,65982,,,,
2025-08-06 09:00:28,66069,,,,
2025-08-06 12:00:13,66150,,,,
2025-08-06 15:00:31,66246,,,,
2025-08-06 18:00:50,66324,,,,
2025-08-06 21:00:15,66419,,,,
2025-08-07 00:00:33,66520,,,,
2025-08-07 03:00:53,66604,,,,
2025-08-07 06:00:12,66694,,,,
2025-08-07 09:00:15,66786,,,,
2025-08-07 12:00:09,66869,,,,
2025-08-07 15:00:08,66949,,,,
2025-08-07 18:00:26,67049,,,,
2025-08-07 21:00:45,67135,,,,
2025-08-08 00:00:04,67240,,,,
2025-08-08 03:00:23,67325,,,,
2025-08-08 06:00:41,67419,,,,
2025-08-08 09:01:00,67512,,,,
2025-08-08 12:00:18,67588,,,,
2025-08-08 15:00:37,67666,,,,
2025-08-08 18:00:56,67752,,,,
2025-08-08 21:00:15,67852,,,,
2025-08-09 00:00:34,67953,,,,
2025-08-09 03:00:54,68029,,,,
2025-08-09 06:00:14,68127,,,,
2025-08-09 09:00:34,68209,,,,
2025-08-09 12:00:54,68287,,,,
2025-08-09 15:00:13,68379,,,,
2025-08-09 18:00:31,68456,,,,
2025-08-09 21:00:51,68545,,,,
2025-08-10 00:00:10,68642,,,,
2025-08-10 03:00:31,68728,,,,
2025-08-10 06:00:50,68814,,,,
2025-08-10 09:00:10,68913,,,,
2025-08-10 12:00:29,69009,,,,
2025-08-10 15:00:43,69087,,,,
2025-08-10 18:00:55,69169,,,,
2025-08-10 21:00:07,69256,,,,
2025-08-11 00:00:20,69341,,,,
2025-08-11 03:00:32,69443,,,,
2025-08-11 06:00:45,69532,,,,
2025-08-11 09:00:57,69610,,,,
2025-08-11 12:00:09,69698,,,,
2025-08-11 15:00:22,69790,,,,
2025-08-11 18:00:34,69884,,,,
2025-08-11 21:00:11,69974,,,,
2025-08-12 00:00:58,70068,,,,
2025-08-12 03:00:11,70156,,,,
2025-08-12 06:00:24,70249,,,,
2025-08-12 09:00:36,70331,,,,
2025-08-12 12:00:49,70420,,,,
2025-08-12 15:00:03,70501,,,,
2025-08-12 18:00:16,70582,,,,
2025-08-12 21:00:09,70691,,,,
2025-08-13 00:00:44,70795,,,,
2025-08-13 03:00:05,70872,,,,
2025-08-13 06:00:16,70954,,,,
2025-08-13 09:00:26,71037,,,,
2025-08-13 12:00:13,71125,,,,
2025-08-13 15:00:58,71216,,,,
2025-08-13 18:00:12,71297,,,,
2025-08-13 21:00:26,71389,,,,
2025-08-14 00:00:40,71480,,,,
2025-08-14 03:00:53,71576,,,,
2025-08-14 06:00:04,71661,,,,
2025-08-14 09:00:21,71753,,,,
2025-08-14 12:00:35,71842,,,,
2025-08-14 15:00:36,71936,,,,
2025-08-14 18:00:03,72030,,,,
2025-08-14 21:00:19,72112,,,,
2025-08-15 00:00:34,72212,,,,
2025-08-15 03:00:49,72307,,,,
2025-08-15 06:00:04,72398,,,,
2025-08-15 09:00:18,72486,,,,
2025-08-15 12:00:08,72579,,,,
2025-08-15 15:00:46,72667,,,,
2025-08-15 18:00:01,72736,,,,
2025-08-15 21:00:15,72837,,,,
2025-08-16 00:00:30,72925,,,,
2025-08-16 03:00:46,73000,,,,
2025-08-16 06:00:01,73084,,,,
2025-08-16 09:00:15,73175,,,,
2025-08-16 12:00:30,73260,,,,
2025-08-16 15:00:46,73356,,,,
2025-08-16 18:00:00,73435,,,,
2025-08-16 21:00:15,73521,,,,
2025-08-17 00:00:18,73622,,,,
2025-08-17 03:00:45,73709,,,,
2025-08-17 06:01:00,73795,,,,
2025-08-17 09:00:01,73904,,,,
2025-08-17 12:00:28,73985,,,,
2025-08-17 15:00:43,74050,,,,
2025-08-17 18:00:58,74146,,,,
2025-08-17 21:00:13,74234,,,,
2025-08-18 00:00:26,74329,,,,
2025-08-18 03:00:28,74421,,,,
2025-08-18 06:00:00,74516,,,,
2025-08-18 09:00:16,74607,,,,
2025-08-18 12:00:31,74697,,,,
2025-08-18 15:00:46,74765,,,,
2025-08-18 18:00:03,74841,,,,
2025-08-18 21:00:18,74929,,,,
2025-08-19 00:00:35,75004,,,,
2025-08-19 03:00:49,75097,,,,
2025-08-19 06:00:04,75178,,,,
2025-08-19 09:00:19,75263,,,,
2025-08-19 12:00:36,75375,,,,
2025-08-19 15:00:14,75473,,,,
2025-08-19 18:00:08,75566,,,,
2025-08-19 21:00:25,75664,,,,
2025-08-20 00:00:43,75758,,,,
2025-08-20 03:01:00,75844,,,,
2025-08-20 06:00:17,75937,,,,
2025-08-20 09:00:21,76024,,,,
2025-08-20 12:00:02,76103,,,,
2025-08-20 15:00:11,76196,,,,
2025-08-20 18:00:28,76289,,,,
2025-08-21 06:00:40,76649,,,,
2025-08-21 09:00:58,76735,,,,
2025-08-21 12:00:14,76808,,,,
2025-08-21 15:00:31,76909,,,,
2025-08-21 18:00:51,76974,,,,
2025-08-21 21:00:09,77064,,,,
2025-08-22 00:00:28,77150,,,,
2025-08-22 03:00:20,77228,,,,
2025-08-22 06:00:05,77333,,,,
2025-08-22 09:00:23,77424,,,,
2025-08-22 12:00:41,77532,,,,
2025-08-22 15:00:59,77616,,,,
2025-08-22 18:00:17,77701,,,,
2025-08-22 21:00:35,77782,,,,
2025-08-23 00:00:32,77865,,,,
2025-08-23 03:00:12,77975,,,,
2025-08-23 06:00:31,78058,,,,
2025-08-23 09:00:50,78146,,,,
2025-08-23 12:00:08,78227,,,,
2025-08-23 15:00:26,78317,,,,
2025-08-23 18:00:45,78393,,,,
2025-08-23 21:00:03,78490,,,,
2025-08-24 00:00:21,78583,,,,
2025-08-24 03:00:40,78674,,,,
2025-08-24 06:01:00,78769,,,,
2025-08-24 09:00:18,78855,,,,
2025-08-24 12:00:06,78940,,,,
2025-08-24 15:00:54,79032,,,,
2025-08-24 18:00:12,79127,,,,
2025-08-24 21:00:30,79214,,,,
2025-08-25 00:00:52,79293,,,,
2025-08-25 03:00:11,79390,,,,
2025-08-25 06:00:30,79475,,,,
2025-08-25 09:00:48,79564,,,,
2025-08-25 12:00:07,79652,,,,
2025-08-25 15:00:25,79733,,,,
2025-08-25 18:00:44,79823,,,,
2025-08-25 21:00:02,79938,,,,
2025-08-26 00:00:21,80009,,,,
2025-08-26 03:00:41,80101,,,,
2025-08-26 06:00:01,80187,,,,
2025-08-26 09:00:20,80292,,,,
2025-08-26 12:00:39,80372,,,,
2025-08-26 15:00:58,80464,,,,
2025-08-26 18:00:16,80544,,,,
2025-08-26 21:00:34,80641,,,,
2025-08-27 00:00:54,80724,,,,
2025-08-27 03:00:13,80806,,,,
2025-08-27 06:00:32,80895,,,,
2025-08-27 09:00:31,80978,,,,
2025-08-27 12:00:09,81076,,,,
2025-08-27 15:00:28,81164,,,,
2025-08-27 18:00:53,81245,,,,
2025-08-27 21:00:13,81337,,,,
2025-08-28 00:00:32,81425,,,,
2025-08-28 03:00:52,81532,,,,
2025-08-28 06:00:12,81625,,,,
2025-08-28 09:00:31,81697,,,,
2025-08-28 12:00:50,81776,,,,
2025-08-28 15:00:10,81875,,,,
2025-08-28 18:00:28,81986,,,,
2025-08-28 21:00:13,82082,,,,
2025-08-28 21:00:14,82082,,,,
2025-08-29 00:00:09,82165,,,,
2025-08-29 03:00:32,82254,,,,
2025-08-29 06:00:35,82345,,,,
2025-08-29 09:00:10,82425,,,,
2025-08-29 12:00:31,82516,,,,
2025-08-29 18:00:44,82663,,,,
2025-08-29 21:00:10,82758,,,,
2025-08-30 00:00:23,82855,,,,
2025-08-30 03:00:36,82944,,,,
2025-08-30 06:00:50,83027,,,,
2025-08-30 09:00:02,83108,,,,
2025-08-30 12:00:16,83208,,,,
2025-08-30 15:00:28,83308,,,,
2025-08-30 18:00:41,83391,,,,
2025-08-30 21:00:55,83468,,,,
2025-08-31 00:00:08,83574,,,,
2025-08-31 03:00:22,83668,,,,
2025-08-31 06:00:36,83749,,,,
2025-08-31 09:00:50,83844,,,,
2025-08-31 12:00:03,83922,,,,
2025-08-31 15:00:16,84004,,,,
2025-08-31 18:00:29,84106,,,,
2025-08-31 21:00:25,84190,,,,
2025-09-01 00:00:57,84274,,,,
2025-09-01 03:00:12,84379,,,,
2025-09-01 06:00:26,84450,,,,
2025-09-01 09:00:40,84540,,,,
2025-09-01 12:00:53,84621,,,,
2025-09-01 15:00:07,84719,,,,
2025-09-01 18:00:21,84817,,,,
2025-09-01 21:00:13,84908,,,,
2025-09-02 00:00:49,84997,,,,
2025-09-02 03:00:03,85073,,,,
2025-09-02 06:00:16,85165,,,,
2025-09-02 09:00:30,85279,,,,
2025-09-02 12:00:44,85358,,,,
2025-09-02 15:00:48,85441,,,,
2025-09-02 18:00:11,85511,,,,
2025-09-02 21:00:05,85599,,,,
2025-09-03 00:00:41,85698,,,,
2025-09-03 03:00:57,85800,,,,
2025-09-03 06:00:12,85888,,,,
2025-09-03 09:00:26,85982,,,,
2025-09-03 12:00:40,86066,,,,
2025-09-03 15:00:55,86129,,,,
2025-09-03 18:00:08,86206,,,,
2025-09-03 21:00:22,86303,,,,
2025-09-04 00:00:37,86397,,,,
2025-09-04 03:00:22,86493,,,,
2025-09-04 06:00:08,86589,,,,
2025-09-04 09:00:22,86680,,,,
2025-09-04 12:00:36,86758,,,,
2025-09-04 15:00:27,86837,,,,
2025-09-04 18:00:06,86923,,,,
2025-09-04 21:00:22,87025,,,,
2025-09-05 00:00:37,87107,,,,
2025-09-05 03:00:53,87196,,,,
2025-09-05 06:00:09,87291,,,,
2025-09-05 09:00:24,87390,,,,
2025-09-05 12:00:17,87472,,,,
2025-09-05 15:00:53,87559,,,,
2025-09-05 18:00:07,87652,,,,
2025-09-05 21:00:21,87727,,,,
2025-09-06 03:00:49,87904,,,,
2025-09-06 06:00:04,87986,,,,
2025-09-06 09:00:18,88074,,,,
2025-09-06 12:00:32,88160,,,,
2025-09-06 15:00:47,88246,,,,
2025-09-06 18:00:01,88352,,,,
2025-09-06 21:00:15,88432,,,,
2025-09-07 00:00:30,88528,,,,
2025-09-07 03:00:45,88622,,,,
2025-09-07 06:01:00,88712,,,,
2025-09-07 09:00:14,88801,,,,
2025-09-07 12:00:17,88892,,,,
2025-09-07 15:00:42,88979,,,,
2025-09-07 18:00:57,89065,,,,
2025-09-07 21:00:10,89145,,,,
2025-09-08 00:00:25,89246,,,,
2025-09-08 03:00:40,89316,,,,
2025-09-08 06:00:55,89423,,,,
2025-09-08 09:00:10,89515,,,,
2025-09-08 12:00:25,89584,,,,
2025-09-08 15:00:39,89664,,,,
2025-09-08 18:00:54,89766,,,,
2025-09-08 21:00:08,89855,,,,
2025-09-09 00:00:02,89948,,,,
2025-09-09 03:00:37,90033,,,,
2025-09-09 06:00:51,90108,,,,
2025-09-09 09:00:06,90205,,,,
2025-09-09 12:00:22,90287,,,,
2025-09-09 15:00:13,90370,,,,
2025-09-09 18:00:34,90460,,,,
2025-09-09 21:00:04,90559,,,,
2025-09-10 00:00:12,90642,,,,
2025-09-10 03:00:35,90728,,,,
2025-09-10 06:00:49,90824,,,,
2025-09-10 09:00:03,90918,,,,
2025-09-10 12:00:19,91005,,,,
2025-09-10 15:00:35,91078,,,,
2025-09-10 18:00:51,91160,,,,
2025-09-10 21:00:07,91232,,,,
2025-09-11 00:00:22,91324,,,,
2025-09-11 03:00:38,91414,,,,
2025-09-11 06:00:54,91496,,,,
2025-09-11 09:00:09,91600,,,,
2025-09-11 12:00:08,91691,,,,
2025-09-11 15:00:39,91782,,,,
2025-09-11 18:00:54,91870,,,,
2025-09-11 21:00:10,91958,,,,
2025-09-12 00:00:26,92047,,,,
2025-09-12 03:00:09,92137,,,,
2025-09-12 06:00:12,92211,,,,
2025-09-12 09:00:13,92298,,,,
2025-09-12 12:00:06,92380,,,,
2025-09-12 15:00:44,92486,,,,
2025-09-12 18:00:03,92582,,,,
2025-09-12 21:00:05,92662,,,,
2025-09-13 00:00:30,92755,,,,
2025-09-13 03:00:46,92844,,,,
2025-09-13 06:00:02,92935,,,,
2025-09-13 09:00:18,93038,,,,
2025-09-13 12:00:34,93118,,,,
2025-09-13 15:00:50,93195,,,,
2025-09-13 18:00:05,93296,,,,
2025-09-13 21:00:20,93387,,,,
2025-09-14 00:00:37,93483,,,,
2025-09-14 03:00:52,93563,,,,
2025-09-14 06:00:08,93651,,,,
2025-09-14 09:00:25,93737,,,,
2025-09-14 12:00:42,93817,,,,
2025-09-14 15:00:57,93914,,,,
2025-09-14 18:00:12,94005,,,,
2025-09-14 21:00:28,94091,,,,
2025-09-15 00:00:45,94176,,,,
2025-09-15 03:00:01,94254,,,,
2025-09-15 06:00:17,94347,,,,
2025-09-15 09:00:15,94445,,,,
2025-09-15 12:00:15,94516,,,,
2025-09-15 15:00:05,94605,,,,
2025-09-15 18:00:20,94701,,,,
2025-09-15 21:00:36,94783,,,,
2025-09-16 00:00:52,94875,,,,
2025-09-16 03:00:09,94959,,,,
2025-09-16 06:00:23,95067,,,,
2025-09-16 09:00:41,95173,,,,
2025-09-16 12:00:57,95264,,,,
2025-09-16 15:00:13,95348,,,,
2025-09-16 18:00:28,95459,,,,
2025-09-16 21:00:45,95550,,,,
2025-09-17 00:00:01,95634,,,,
2025-09-17 03:00:19,95717,,,,
2025-09-17 06:00:36,95798,,,,
2025-09-17 09:00:52,95883,,,,
2025-09-17 12:00:08,95966,,,,
2025-09-17 15:00:25,96043,,,,
2025-09-17 18:00:41,96126,,,,
2025-09-17 21:00:59,96211,,,,
2025-09-18 00:00:16,96301,,,,
2025-09-18 03:00:34,96384,,,,
2025-09-18 06:00:44,96471,,,,
2025-09-18 09:00:08,96555,,,,
2025-09-18 12:00:25,96637,,,,
2025-09-18 15:00:43,96751,,,,
2025-09-18 18:00:00,96842,,,,
2025-09-18 21:00:17,96925,,,,
2025-09-18 22:57:59,96980,,,,
2025-09-18 23:01:57,96982,,,,
2025-09-18 23:08:00,96984,212 MH,4.05 GH,44.1 TH,
2025-09-19 00:00:02,97014,191 MH,4.13 GH,47.4 TH,120 K
2025-09-19 03:00:04,97105,217 MH,4.04 GH,50.6 TH,112 K
2025-09-19 06:00:06,97213,200 MH,4.05 GH,51.9 TH,121 K
2025-09-19 09:00:09,97300,192 MH,4.82 GH,53.5 TH,135 K
2025-09-19 12:00:11,97386,189 MH,4.97 GH,54.9 TH,142 K
2025-09-19 15:00:13,97463,187 MH,4.55 GH,51.4 TH,3.14 K
2025-09-19 18:00:49,97539,192 MH,3.92 GH,52.3 TH,2.63 K
2025-09-19 19:21:53,97536,191 MH,4.00 GH,51.7 TH,110 K
2025-09-19 21:00:00,97621,207 MH,3.86 GH,43.3 TH,99.1 K
2025-09-20 00:00:12,97718,238 MH,3.69 GH,47.8 TH,91.4 K
2025-09-20 03:00:24,97812,218 MH,4.15 GH,53.4 TH,92.2 K
2025-09-20 06:00:03,97905,213 MH,3.57 GH,59.3 TH,95.1 K
2025-09-20 09:00:37,97999,240 MH,3.38 GH,66.0 TH,97.6 K
2025-09-20 12:00:00,98085,203 MH,3.70 GH,69.8 TH,89.8 K
2025-09-20 15:00:13,98178,197 MH,3.94 GH,65.8 TH,98.0 K
2025-09-20 18:00:25,98272,188 MH,3.76 GH,59.0 TH,120 K
2025-09-20 21:00:01,98369,212 MH,4.22 GH,58.7 TH,127 K
2025-09-21 00:00:48,98460,219 MH,4.74 GH,54.6 TH,145 K
2025-09-21 03:00:02,98545,210 MH,5.21 GH,49.6 TH,142 K
2025-09-21 06:00:15,98625,218 MH,4.98 GH,44.0 TH,121 K
2025-09-21 09:00:27,98715,226 MH,4.85 GH,49.5 TH,115 K
2025-09-21 12:00:38,98802,217 MH,4.37 GH,50.7 TH,119 K
2025-09-21 15:00:02,98876,213 MH,4.28 GH,45.7 TH,115 K
2025-09-21 18:00:02,98962,216 MH,4.05 GH,47.8 TH,103 K
2025-09-21 21:00:14,99044,238 MH,3.79 GH,46.5 TH,96.9 K
2025-09-22 00:00:27,99122,196 MH,3.95 GH,46.3 TH,86.5 K
2025-09-22 03:00:39,99211,195 MH,3.56 GH,46.0 TH,94.3 K
2025-09-22 06:00:52,99306,215 MH,3.61 GH,47.3 TH,83.3 K
2025-09-22 09:00:03,99393,244 MH,3.54 GH,42.2 TH,84.7 K
2025-09-22 12:00:15,99492,226 MH,3.80 GH,40.0 TH,90.6 K
2025-09-22 15:00:27,99577,206 MH,4.84 GH,40.3 TH,105 K
2025-09-22 18:00:39,99655,179 MH,4.65 GH,34.9 TH,104 K
2025-09-22 21:00:52,99751,171 MH,4.36 GH,36.9 TH,114 K
2025-09-23 00:00:04,99842,177 MH,4.06 GH,36.0 TH,118 K
2025-09-23 03:00:16,99935,193 MH,4.17 GH,34.6 TH,134 K
2025-09-23 06:00:29,100020,213 MH,3.91 GH,39.0 TH,136 K
2025-09-23 09:00:42,100099,190 MH,3.75 GH,36.6 TH,131 K
2025-09-23 12:00:38,100185,175 MH,3.63 GH,33.5 TH,117 K
2025-09-23 15:00:06,100281,194 MH,4.17 GH,33.4 TH,117 K
2025-09-23 18:00:17,100369,213 MH,4.29 GH,33.8 TH,100 K
2025-09-23 21:00:01,100453,226 MH,4.40 GH,34.7 TH,97.5 K
2025-09-24 00:00:03,100520,182 MH,3.70 GH,33.0 TH,97.3 K
2025-09-24 03:00:05,100602,186 MH,3.40 GH,33.0 TH,82.9 K
2025-09-24 06:00:03,100691,187 MH,3.47 GH,36.2 TH,79.1 K
2025-09-24 09:00:09,100784,196 MH,3.28 GH,40.1 TH,72.1 K
2025-09-24 12:00:11,100860,196 MH,3.24 GH,39.4 TH,74.0 K
2025-09-24 15:00:14,100959,169 MH,3.52 GH,37.9 TH,71.5 K
2025-09-24 18:00:15,101056,184 MH,4.00 GH,39.8 TH,66.7 K
2025-09-24 21:00:09,101137,179 MH,4.03 GH,34.6 TH,72.9 K
2025-09-25 00:00:19,101213,173 MH,3.32 GH,34.9 TH,74.5 K
2025-09-25 03:00:21,101311,166 MH,3.61 GH,36.2 TH,72.4 K
2025-09-25 06:00:14,101420,188 MH,3.43 GH,50.6 TH,69.8 K
2025-09-25 09:00:26,101508,190 MH,3.61 GH,51.4 TH,77.0 K
2025-09-25 12:00:12,101610,171 MH,3.71 GH,58.4 TH,84.7 K
2025-09-25 15:00:25,101694,171 MH,3.62 GH,55.0 TH,94.5 K
2025-09-25 18:00:31,101796,162 MH,3.72 GH,54.3 TH,110 K
2025-09-25 21:00:16,101893,171 MH,3.91 GH,62.1 TH,113 K
2025-09-26 00:00:02,101976,180 MH,3.99 GH,58.0 TH,104 K
2025-09-26 03:00:15,102071,171 MH,4.32 GH,54.2 TH,111 K
2025-09-26 06:00:29,102159,179 MH,3.86 GH,55.9 TH,113 K
2025-09-26 09:00:41,102252,203 MH,4.06 GH,52.8 TH,123 K
2025-09-26 12:00:43,102333,169 MH,4.21 GH,49.5 TH,121 K
2025-09-26 15:00:07,102426,177 MH,4.67 GH,50.7 TH,113 K
2025-09-26 18:00:18,102494,184 MH,4.54 GH,45.8 TH,103 K
2025-09-26 21:00:30,102570,169 MH,3.87 GH,44.7 TH,86.5 K
2025-09-27 00:00:47,102657,162 MH,3.79 GH,49.1 TH,86.3 K
2025-09-27 03:00:27,102749,159 MH,3.09 GH,51.9 TH,85.3 K
2025-09-27 06:00:13,102830,151 MH,3.20 GH,47.9 TH,95.2 K
2025-09-27 09:00:25,102919,164 MH,3.08 GH,47.2 TH,87.4 K
2025-09-27 12:00:39,103021,220 MH,3.25 GH,47.1 TH,85.2 K
2025-09-27 15:00:53,103103,206 MH,3.64 GH,43.6 TH,88.4 K
2025-09-27 18:00:04,103187,166 MH,3.60 GH,43.1 TH,90.4 K
2025-09-27 21:00:24,103288,145 MH,3.92 GH,44.6 TH,96.5 K
2025-09-28 00:00:37,103396,170 MH,4.38 GH,48.7 TH,131 K
2025-09-28 03:00:51,103485,170 MH,3.97 GH,45.9 TH,156 K
2025-09-28 06:00:06,103583,203 MH,4.60 GH,46.2 TH,141 K
2025-09-28 09:00:19,103658,183 MH,4.52 GH,45.3 TH,125 K
2025-09-28 12:00:32,103750,180 MH,4.66 GH,44.5 TH,117 K
2025-09-28 15:00:45,103833,207 MH,4.31 GH,44.4 TH,118 K
2025-09-28 18:00:27,103917,223 MH,4.35 GH,39.0 TH,111 K
2025-09-28 21:00:10,104019,284 MH,4.21 GH,39.9 TH,101 K
2025-09-29 00:00:24,104101,331 MH,4.02 GH,40.8 TH,85.6 K
2025-09-29 03:00:24,104180,314 MH,3.81 GH,44.6 TH,80.6 K
2025-09-29 06:00:51,104268,256 MH,3.85 GH,41.6 TH,88.6 K
2025-09-29 09:00:05,104359,243 MH,3.65 GH,56.6 TH,89.4 K
2025-09-29 12:00:19,104425,201 MH,3.70 GH,50.8 TH,78.0 K
2025-09-29 15:00:22,104523,192 MH,4.36 GH,41.6 TH,89.3 K
2025-09-29 18:00:45,104610,169 MH,4.40 GH,37.9 TH,102 K
2025-09-29 21:00:59,104710,171 MH,4.34 GH,38.6 TH,124 K
2025-09-30 00:00:12,104806,240 MH,4.01 GH,43.2 TH,136 K
2025-09-30 03:00:27,104907,278 MH,3.90 GH,43.1 TH,137 K
2025-09-30 06:00:41,104989,248 MH,3.99 GH,44.7 TH,119 K
2025-09-30 09:00:27,105081,221 MH,4.17 GH,48.2 TH,130 K
2025-09-30 12:00:09,105181,249 MH,3.95 GH,55.8 TH,127 K
2025-09-30 15:00:14,105261,250 MH,4.44 GH,55.0 TH,110 K
2025-09-30 18:00:02,105320,183 MH,4.45 GH,48.1 TH,109 K
2025-09-30 21:00:51,105394,158 MH,4.08 GH,47.1 TH,82.9 K
2025-10-01 00:00:04,105479,181 MH,3.89 GH,45.2 TH,81.0 K
2025-10-01 03:00:18,105574,209 MH,3.55 GH,42.3 TH,84.6 K
2025-10-01 06:00:33,105656,179 MH,3.48 GH,44.5 TH,81.2 K
2025-10-01 09:00:02,105748,168 MH,3.46 GH,45.2 TH,93.0 K
2025-10-01 12:00:01,105817,146 MH,3.62 GH,40.2 TH,92.3 K
2025-10-01 15:00:14,105904,138 MH,3.06 GH,42.2 TH,85.2 K
2025-10-01 18:00:18,106007,142 MH,3.08 GH,46.7 TH,82.9 K
2025-10-01 21:00:20,106102,145 MH,3.75 GH,51.1 TH,93.4 K
2025-10-02 00:00:03,106175,135 MH,3.51 GH,49.5 TH,95.0 K
2025-10-02 03:00:15,106267,132 MH,3.28 GH,53.8 TH,79.1 K
2025-10-02 06:00:26,106370,143 MH,3.29 GH,55.8 TH,88.4 K
2025-10-02 09:00:13,106450,162 MH,3.37 GH,50.1 TH,86.3 K
2025-10-02 12:00:31,106536,138 MH,3.09 GH,51.1 TH,95.3 K
2025-10-02 15:00:05,106632,127 MH,3.04 GH,51.2 TH,107 K
2025-10-02 18:00:16,106729,120 MH,3.06 GH,56.2 TH,111 K
2025-10-02 21:00:20,106826,156 MH,3.72 GH,53.7 TH,112 K
2025-10-03 00:00:22,106926,165 MH,3.61 GH,65.5 TH,122 K
2025-10-03 03:00:40,107019,135 MH,4.58 GH,65.6 TH,126 K
2025-10-03 06:00:05,107104,132 MH,4.28 GH,65.3 TH,125 K
2025-10-03 09:00:16,107193,131 MH,4.54 GH,62.9 TH,113 K
2025-10-03 12:00:28,107285,139 MH,4.53 GH,70.4 TH,110 K
2025-10-03 15:00:03,107364,150 MH,4.05 GH,77.3 TH,97.5 K
2025-10-03 18:00:50,107443,154 MH,3.70 GH,76.8 TH,79.6 K
2025-10-03 21:00:05,107542,180 MH,3.33 GH,75.9 TH,88.4 K
2025-10-04 00:00:18,107626,178 MH,3.54 GH,71.4 TH,106 K
2025-10-04 03:00:30,107710,154 MH,3.22 GH,66.8 TH,101 K
2025-10-04 06:00:41,107796,147 MH,3.47 GH,64.1 TH,98.9 K
2025-10-04 09:00:18,107876,140 MH,3.45 GH,60.1 TH,104 K
2025-10-04 12:00:06,107963,126 MH,3.12 GH,61.8 TH,100 K
2025-10-04 15:00:18,108079,149 MH,3.82 GH,65.3 TH,115 K
2025-10-04 18:00:31,108172,159 MH,4.58 GH,69.0 TH,132 K
2025-10-04 21:00:11,108264,159 MH,4.35 GH,68.1 TH,126 K
2025-10-05 00:00:55,108347,157 MH,4.32 GH,66.4 TH,112 K
2025-10-05 03:00:07,108444,176 MH,4.54 GH,56.7 TH,118 K
2025-10-05 06:00:19,108544,193 MH,4.12 GH,64.8 TH,141 K
2025-10-05 09:00:23,108625,192 MH,4.10 GH,73.4 TH,143 K
2025-10-05 12:00:44,108705,189 MH,3.62 GH,70.5 TH,150 K
2025-10-05 15:00:10,108802,199 MH,3.59 GH,65.2 TH,146 K
2025-10-05 18:00:07,108881,215 MH,3.89 GH,65.3 TH,120 K
2025-10-05 21:00:19,108956,222 MH,3.72 GH,61.9 TH,105 K
2025-10-06 00:00:31,109030,191 MH,3.18 GH,56.1 TH,95.6 K
2025-10-06 03:00:45,109132,200 MH,3.18 GH,60.2 TH,92.4 K
2025-10-06 06:00:57,109237,244 MH,3.16 GH,66.7 TH,108 K
2025-10-06 09:00:09,109339,276 MH,3.72 GH,60.0 TH,116 K
2025-10-06 12:00:21,109423,240 MH,3.94 GH,65.6 TH,4.99 M
2025-10-06 15:00:34,109504,199 MH,3.94 GH,63.4 TH,4.94 M
2025-10-06 18:00:46,109601,208 MH,3.86 GH,60.5 TH,5.53 M
2025-10-06 21:00:02,109696,226 MH,4.06 GH,56.0 TH,6.08 M
2025-10-07 00:00:11,109791,272 MH,3.85 GH,62.9 TH,6.37 M
2025-10-07 03:00:02,109895,263 MH,3.73 GH,75.4 TH,7.40 M
2025-10-07 06:00:04,109978,221 MH,3.44 GH,70.9 TH,10.3 M
2025-10-07 09:00:06,110078,237 MH,4.36 GH,69.2 TH,10.2 M
2025-10-07 12:00:01,110154,211 MH,4.74 GH,65.4 TH,8.74 M
2025-10-07 15:00:10,110232,220 MH,4.26 GH,61.8 TH,7.97 M
2025-10-07 18:00:03,110327,276 MH,4.08 GH,67.1 TH,6.95 M
2025-10-07 21:00:14,110426,288 MH,4.11 GH,74.4 TH,6.55 M
2025-10-08 00:00:16,110484,265 MH,3.77 GH,74.2 TH,6.13 M
2025-10-08 03:00:03,110565,221 MH,3.35 GH,67.7 TH,5.20 M
2025-10-08 06:00:17,110648,222 MH,3.22 GH,63.9 TH,4.88 M
2025-10-08 09:00:23,110742,213 MH,3.74 GH,62.5 TH,4.89 M
2025-10-08 12:00:25,110832,237 MH,3.60 GH,65.2 TH,5.29 M
2025-10-08 15:00:55,110923,282 MH,3.08 GH,59.0 TH,5.09 M
2025-10-08 18:00:16,111011,292 MH,3.14 GH,56.3 TH,4.99 M
2025-10-08 21:00:29,111105,255 MH,3.41 GH,62.0 TH,4.67 M
2025-10-09 00:00:05,111204,266 MH,3.24 GH,66.0 TH,127 K
2025-10-09 03:00:07,111294,293 MH,3.55 GH,76.8 TH,123 K
2025-10-09 06:00:09,111381,296 MH,3.35 GH,80.7 TH,132 K
2025-10-09 09:00:12,111464,227 MH,3.14 GH,71.5 TH,143 K
2025-10-09 12:00:14,111538,233 MH,3.15 GH,61.6 TH,158 K
2025-10-09 15:00:11,111645,218 MH,3.80 GH,54.0 TH,187 K
2025-10-09 18:00:15,111730,219 MH,4.19 GH,54.8 TH,167 K
2025-10-09 21:00:17,111817,213 MH,3.84 GH,61.0 TH,158 K
2025-10-10 00:00:22,111918,248 MH,3.81 GH,60.0 TH,153 K
2025-10-10 03:00:00,112013,231 MH,3.86 GH,61.7 TH,187 K
2025-10-10 06:00:14,112089,218 MH,3.62 GH,63.1 TH,173 K
2025-10-10 09:00:26,112186,234 MH,3.89 GH,70.6 TH,152 K
2025-10-10 12:00:30,112272,275 MH,3.63 GH,76.1 TH,133 K
2025-10-10 15:00:33,112344,260 MH,4.02 GH,73.3 TH,125 K
2025-10-10 18:00:03,112429,215 MH,3.82 GH,66.0 TH,103 K
2025-10-10 21:00:15,112525,285 MH,3.89 GH,66.3 TH,106 K
