Date,Block Height,net_sha3 (TH/s),net_rxt (GH/s),net_rxm (GH/s),net_c29 (Kg/s)
2025-05-08 10:38:50,1810,2.05,,0.75,
2025-05-08 10:43:45,1813,2.05,,0.76,
2025-05-08 10:45:13,1814,2.05,,0.76,
2025-05-08 11:00:12,1817,2.06,,0.77,
2025-05-08 12:00:10,1845,2.13,,0.75,
2025-05-08 14:00:04,1901,2.01,,0.68,
2025-05-08 15:00:04,1925,2.0,,0.65,
2025-05-08 16:00:06,1961,1.9,,0.65,
2025-05-08 17:00:06,1984,2.06,,0.65,
2025-05-08 18:00:07,2016,1.92,,0.61,
2025-05-08 19:00:00,2050,1.97,,0.65,
2025-05-08 20:00:09,2082,2.02,,0.67,
2025-05-08 21:00:09,2109,2.06,,0.7,
2025-05-08 22:00:04,2141,2.06,,0.68,
2025-05-08 23:00:08,2167,2.19,,0.65,
2025-05-09 00:00:12,2201,2.11,,0.61,
2025-05-09 01:00:14,2240,2.16,,0.7,
2025-05-09 02:00:15,2266,2.3,,0.71,
2025-05-09 03:00:06,2300,2.58,,0.65,
2025-05-09 04:00:16,2321,2.49,,0.65,
2025-05-09 05:00:17,2356,2.33,,0.62,
2025-05-09 06:00:18,2389,2.47,,0.67,
2025-05-09 07:00:18,2423,2.44,,0.8,
2025-05-09 08:00:19,2454,2.08,,0.97,
2025-05-09 09:00:20,2486,2.13,,1.03,
2025-05-09 10:00:20,2511,2.29,,0.97,
2025-05-09 12:00:07,2560,2.55,,0.73,
2025-05-09 13:00:11,2584,2.57,,0.64,
2025-05-09 14:00:00,2597,2.44,,0.62,
2025-05-09 15:00:04,2629,2.36,,0.53,
2025-05-09 16:00:05,2652,2.3,,0.52,
2025-05-09 17:00:18,2690,2.29,,0.51,
2025-05-09 18:00:24,2711,2.32,,0.5,
2025-05-09 19:00:15,2735,2.24,,0.45,
2025-05-09 20:00:04,2769,2.32,,0.43,
2025-05-09 21:00:13,2809,2.27,,0.52,
2025-05-09 22:00:27,2846,2.23,,0.74,
2025-05-09 23:00:28,2880,2.01,,0.95,
2025-05-10 00:00:29,2916,2.28,,0.95,
2025-05-10 01:00:02,2950,2.27,,0.94,
2025-05-10 02:00:07,2982,2.48,,0.96,
2025-05-10 03:00:12,3019,2.64,,1.08,
2025-05-10 04:00:18,3050,2.72,,1.12,
2025-05-10 05:00:23,3080,2.87,,1.05,
2025-05-10 06:00:29,3105,2.78,,1.08,
2025-05-10 07:00:22,3134,2.58,,1.06,
2025-05-10 08:00:19,3167,2.46,,1.12,
2025-05-10 09:00:12,3203,2.35,,1.29,
2025-05-10 10:00:03,3225,2.51,,1.27,
2025-05-10 11:00:36,3262,2.67,,1.23,
2025-05-10 12:00:22,3296,2.74,,1.28,
2025-05-10 13:00:02,3327,2.87,,1.36,
2025-05-10 14:00:06,3354,2.82,,1.36,
2025-05-10 17:00:09,3441,2.51,,1.31,
2025-05-10 18:00:14,3470,2.42,,1.32,
2025-05-10 19:00:41,3509,2.97,,1.28,
2025-05-10 20:00:42,3540,3.31,,1.26,
2025-05-10 22:00:02,3585,2.85,,1.21,
2025-05-10 23:00:07,3623,2.94,,1.18,
2025-05-11 00:00:11,3655,3.04,,1.25,
2025-05-11 01:00:16,3688,3.09,,1.28,
2025-05-11 02:00:21,3721,3.58,,1.26,
2025-05-11 03:00:27,3748,3.4,,1.28,
2025-05-11 04:00:32,3774,3.13,,1.35,
2025-05-11 05:00:26,3798,2.82,,1.29,
2025-05-11 06:00:43,3831,2.79,,1.2,
2025-05-11 07:00:02,3868,2.97,,1.25,
2025-05-11 08:00:03,3895,3.13,,1.32,
2025-05-11 09:00:42,3917,3.25,,1.3,
2025-05-11 10:00:03,3945,2.93,,1.16,
2025-05-11 11:00:07,3976,2.71,,1.2,
2025-05-11 12:00:11,4008,3.06,,1.15,
2025-05-11 13:00:05,4042,3.22,,1.09,
2025-05-11 14:00:07,4076,3.04,,1.28,
2025-05-11 15:00:24,4104,3.03,,1.37,
2025-05-11 16:00:05,4144,3.85,,1.3,
2025-05-11 17:00:05,4184,5.14,,1.22,
2025-05-11 19:00:03,4250,7.52,,1.15,
2025-05-11 20:00:11,4277,7.98,,1.12,
2025-05-11 21:00:18,4323,9.5,,1.06,
2025-05-11 22:00:27,4358,10.6,,1.21,
2025-05-11 23:00:02,4391,10.8,,1.29,
2025-05-12 00:00:07,4426,13.3,,1.3,
2025-05-12 01:00:13,4447,14.5,,1.18,
2025-05-12 02:00:11,4467,12.5,,1.08,
2025-05-12 03:00:02,4490,10.8,,0.98,
2025-05-12 04:00:28,4522,10.5,,0.96,
2025-05-12 05:00:25,4553,11.0,,0.93,
2025-05-12 06:00:00,4585,12.2,,0.91,
2025-05-12 07:00:05,4621,14.1,,0.88,
2025-05-12 08:00:16,4656,15.2,,0.89,
2025-05-12 09:00:54,4693,19.3,,0.95,
2025-05-12 10:00:09,4730,20.0,,1.01,
2025-05-12 11:00:04,4762,20.6,,1.09,
2025-05-12 12:00:09,4795,20.6,,1.11,
2025-05-12 13:00:14,4834,26.0,,1.18,
2025-05-12 14:00:19,4868,31.2,,1.15,
2025-05-12 15:00:02,4898,32.5,,1.1,
2025-05-12 16:00:29,4933,36.4,,1.07,
2025-05-12 17:00:34,4956,37.7,,1.03,
2025-05-12 18:00:04,4993,37.7,,0.98,
2025-05-12 19:00:08,5031,35.7,,1.24,
2025-05-12 20:00:47,5066,37.7,,1.4,
2025-05-12 21:00:54,5098,41.3,,1.45,
2025-05-12 22:00:24,5122,39.8,,1.38,
2025-05-12 23:00:05,5145,36.2,,1.39,
2025-05-13 00:00:09,5179,36.2,,1.29,
2025-05-13 01:00:09,5201,34.4,,1.29,
2025-05-13 02:00:02,5233,34.7,,1.18,
2025-05-13 03:00:28,5277,36.9,,1.46,
2025-05-13 04:00:04,5300,38.3,,1.51,
2025-05-13 05:00:18,5333,38.1,,1.31,
2025-05-13 06:00:01,5362,37.7,,1.39,
2025-05-13 07:00:50,5394,38.6,,1.42,
2025-05-13 08:00:02,5429,36.7,,1.52,
2025-05-13 09:00:01,5460,38.0,,1.73,
2025-05-13 10:00:07,5481,38.4,,1.7,
2025-05-13 11:00:12,5522,36.8,,1.61,
2025-05-13 12:00:05,5552,39.8,,1.68,
2025-05-13 13:00:23,5585,39.8,,1.79,
2025-05-13 14:00:08,5619,39.4,,1.98,
2025-05-13 15:00:23,5645,40.8,,1.89,
2025-05-13 16:00:39,5683,42.7,,1.88,
2025-05-13 17:00:44,5707,38.8,,2.03,
2025-05-13 18:00:16,5736,45.8,,1.94,
2025-05-13 19:00:30,5762,50.8,,1.65,
2025-05-13 20:00:33,5777,46.3,,1.57,
2025-05-13 21:00:34,5810,43.6,,1.33,
2025-05-13 22:00:21,5833,44.7,,1.26,
2025-05-13 23:00:18,5868,41.0,,1.3,
2025-05-14 00:00:19,5895,42.9,,1.32,
2025-05-14 01:00:49,5927,42.6,,1.31,
2025-05-14 02:00:25,5951,40.1,,1.34,
2025-05-14 03:00:03,5983,37.9,,1.36,
2025-05-14 04:00:59,6021,44.7,,1.39,
2025-05-14 05:00:03,6052,48.3,,1.32,
2025-05-14 06:00:06,6077,48.1,,1.33,
2025-05-14 07:00:04,6100,47.6,,1.32,
2025-05-14 08:00:00,6127,47.6,,1.32,
2025-05-14 09:00:16,6158,47.6,,1.32,
2025-05-14 10:00:20,6192,47.6,,1.32,
2025-05-14 11:00:23,6224,47.6,,1.32,
2025-05-14 12:00:27,6248,47.6,,1.32,
2025-05-14 13:00:30,6279,47.6,,1.32,
2025-05-14 14:00:34,6312,47.9,,1.1,
2025-05-14 15:00:02,6335,47.9,,1.1,
2025-05-14 16:00:27,6368,47.9,,1.1,
2025-05-14 17:00:44,6390,53.7,,0.97,
2025-05-14 18:00:45,6412,47.9,,1.1,
2025-05-14 19:00:00,6434,51.5,,0.96,
2025-05-14 20:00:51,6455,51.5,,0.96,
2025-05-14 21:00:58,6472,49.6,,0.94,
2025-05-14 22:00:02,6493,51.5,,0.96,
2025-05-14 23:00:06,6535,49.6,,0.94,
2025-05-15 00:00:11,6570,49.6,,0.94,
2025-05-15 01:00:15,6600,36.6,,0.65,
2025-05-15 02:00:00,6629,49.6,,0.94,
2025-05-15 03:00:23,6658,51.5,,0.96,
2025-05-15 04:00:26,6685,47.8,,0.59,
2025-05-15 05:00:31,6721,47.8,,0.59,
2025-05-15 06:00:34,6746,50.7,,0.56,
2025-05-15 07:00:39,6784,50.7,,0.56,
2025-05-15 08:00:43,6806,49.6,,0.94,
2025-05-15 09:00:07,6834,49.6,,0.94,
2025-05-15 10:00:50,6863,49.6,,0.94,
2025-05-15 11:00:01,6892,47.8,,0.59,
2025-05-15 12:00:59,6912,49.6,,0.94,
2025-05-15 13:00:03,6938,50.7,,0.56,
2025-05-15 14:00:06,6965,50.7,,0.56,
2025-05-15 15:00:14,6995,47.8,,0.59,
2025-05-15 16:00:18,7020,44.4,,0.43,
2025-05-15 17:00:21,7048,45.5,,0.42,
2025-05-15 18:00:26,7082,44.4,,0.43,
2025-05-15 19:00:30,7114,33.8,,0.55,
2025-05-15 20:00:24,7148,33.8,,0.55,
2025-05-15 21:00:37,7185,33.8,,0.55,
2025-05-15 22:00:41,7215,33.8,,0.55,
2025-05-15 23:00:07,7246,33.8,,0.55,
2025-05-16 00:00:49,7274,36.5,,0.78,
2025-05-16 01:00:54,7308,33.8,,0.55,
2025-05-16 02:00:58,7339,33.8,,0.55,
2025-05-16 03:00:03,7373,33.8,,0.55,
2025-05-16 04:00:05,7408,41.7,,0.77,
2025-05-16 05:00:06,7440,33.8,,0.55,
2025-05-16 06:00:07,7470,33.8,,0.55,
2025-05-16 07:00:20,7498,33.8,,0.55,
2025-05-16 08:00:24,7518,41.7,,0.77,
2025-05-16 09:00:28,7546,33.8,,0.55,
2025-05-16 10:00:33,7586,41.5,,0.77,
2025-05-16 11:00:37,7613,33.8,,0.55,
2025-05-16 12:00:35,7653,39.2,,0.99,
2025-05-16 13:00:03,7680,41.7,,0.77,
2025-05-16 14:00:09,7712,41.7,,0.77,
2025-05-16 15:00:56,7746,33.8,,0.55,
2025-05-16 16:00:00,7772,41.7,,0.77,
2025-05-16 17:00:04,7801,33.8,,0.55,
2025-05-16 18:00:08,7834,39.2,,0.99,
2025-05-16 19:00:00,7862,33.8,,0.55,
2025-05-16 20:00:00,7898,44.9,,0.95,
2025-05-16 21:00:21,7923,33.8,,0.55,
2025-05-16 22:00:01,7951,39.2,,0.99,
2025-05-16 23:00:09,7981,33.8,,0.55,
2025-05-17 00:00:18,8022,39.2,,0.99,
2025-05-17 01:00:38,8049,33.8,,0.55,
2025-05-17 02:00:42,8075,39.2,,0.99,
2025-05-17 03:00:30,8115,47.2,,1.1,
2025-05-17 04:00:52,8131,33.8,,0.55,
2025-05-17 05:00:16,8159,39.2,,0.99,
2025-05-17 06:00:01,8194,47.2,,1.1,
2025-05-17 07:00:05,8220,47.2,,1.1,
2025-05-17 08:00:01,8251,47.2,,1.1,
2025-05-17 09:00:13,8280,39.2,,0.99,
2025-05-17 10:00:17,8317,47.2,,1.1,
2025-05-17 11:00:17,8346,47.2,,1.1,
2025-05-17 12:00:26,8385,33.8,,0.55,
2025-05-17 13:00:29,8418,33.8,,0.55,
2025-05-17 14:00:30,8446,57.1,,1.1,
2025-05-17 15:00:38,8471,55.0,,1.28,
2025-05-17 16:00:42,8499,47.9,,1.24,
2025-05-17 17:00:47,8531,55.0,,1.28,
2025-05-17 18:00:12,8557,55.0,,1.28,
2025-05-17 19:00:01,8592,47.9,,1.24,
2025-05-17 20:01:00,8624,55.0,,1.28,
2025-05-17 21:00:04,8658,47.9,,1.24,
2025-05-17 22:00:09,8684,55.0,,1.28,
2025-05-17 23:00:14,8708,47.9,,1.24,
2025-05-18 00:00:18,8746,55.0,,1.28,
2025-05-18 01:00:20,8773,55.0,,1.28,
2025-05-18 02:00:21,8804,55.0,,1.28,
2025-05-18 03:00:33,8848,55.1,,1.21,
2025-05-18 04:00:38,8879,54.6,,1.48,
2025-05-18 05:00:43,8909,54.6,,1.48,
2025-05-18 06:00:45,8933,55.1,,1.21,
2025-05-18 07:00:52,8948,55.1,,1.21,
2025-05-18 08:00:57,8970,54.6,,1.48,
2025-05-18 09:00:01,9000,54.6,,1.5,
2025-05-18 10:00:06,9042,55.1,,1.21,
2025-05-18 11:00:11,9070,55.1,,1.21,
2025-05-18 12:00:16,9101,55.1,,1.21,
2025-05-18 13:00:21,9127,54.6,,1.5,
2025-05-18 14:00:26,9168,55.1,,1.21,
2025-05-18 15:00:18,9198,58.3,,1.42,
2025-05-18 16:00:35,9230,55.1,,1.21,
2025-05-18 17:00:40,9256,54.6,,1.5,
2025-05-18 18:00:16,9284,58.3,,1.42,
2025-05-18 19:00:49,9312,58.3,,1.42,
2025-05-18 20:00:53,9337,58.3,,1.42,
2025-05-18 21:00:54,9369,54.6,,1.5,
2025-05-18 22:00:03,9401,55.1,,1.21,
2025-05-18 23:00:07,9436,58.3,,1.42,
2025-05-19 00:00:12,9468,63.7,,1.27,
2025-05-19 01:00:18,9493,58.3,,1.42,
2025-05-19 02:00:23,9521,57.9,,1.33,
2025-05-19 03:00:17,9561,56.9,,1.33,
2025-05-19 04:00:32,9589,57.5,,1.33,
2025-05-19 05:00:38,9619,56.9,,1.33,
2025-05-19 06:00:43,9653,56.9,,1.33,
2025-05-19 07:00:32,9689,56.9,,1.33,
2025-05-19 08:00:33,9721,56.9,,1.33,
2025-05-19 09:00:12,9743,56.9,,1.33,
2025-05-19 10:00:03,9773,57.5,,1.33,
2025-05-19 11:00:08,9787,56.9,,1.33,
2025-05-19 12:00:10,9817,57.5,,1.33,
2025-05-19 13:00:07,9859,57.5,,1.33,
2025-05-19 14:00:23,9894,57.5,,1.33,
2025-05-19 15:00:33,9920,57.5,,1.33,
2025-05-19 16:00:38,9952,56.4,,1.88,
2025-05-19 17:00:43,9981,56.9,,1.33,
2025-05-19 18:00:38,10004,56.0,,1.88,
2025-05-19 19:00:53,10038,56.9,,1.33,
2025-05-19 20:00:58,10071,56.0,,1.88,
2025-05-19 21:00:02,10098,56.4,,1.88,
2025-05-19 22:00:07,10127,56.4,,1.88,
2025-05-19 23:00:12,10165,56.9,,1.33,
2025-05-20 00:00:17,10195,50.7,,2.18,
2025-05-20 01:00:23,10227,50.7,,2.18,
2025-05-20 02:00:28,10268,50.7,,2.18,
2025-05-20 03:00:03,10298,49.1,,2.65,
2025-05-20 04:00:04,10325,49.0,,2.66,
2025-05-20 05:00:44,10347,49.1,,2.65,
2025-05-20 06:00:49,10385,50.7,,2.18,
2025-05-20 07:00:55,10411,49.0,,2.66,
2025-05-20 08:00:00,10452,50.7,,2.18,
2025-05-20 09:00:05,10486,49.0,,2.66,
2025-05-20 10:00:10,10514,49.0,,2.66,
2025-05-20 11:00:15,10547,47.5,,2.93,
2025-05-20 12:00:20,10567,49.0,,2.66,
2025-05-20 13:00:07,10597,47.5,,2.92,
2025-05-20 14:00:30,10618,50.7,,2.18,
2025-05-20 15:00:08,10650,49.0,,2.66,
2025-05-20 16:00:39,10671,50.7,,2.18,
2025-05-20 17:00:09,10696,55.8,,2.55,
2025-05-20 18:00:16,10724,55.8,,2.55,
2025-05-20 19:00:55,10755,55.8,,2.55,
2025-05-20 20:00:12,10788,55.8,,2.55,
2025-05-20 21:00:04,10819,51.4,,2.36,
2025-05-20 22:00:06,10848,51.4,,2.36,
2025-05-20 23:00:14,10881,51.4,,2.36,
2025-05-21 00:00:19,10913,51.4,,2.36,
2025-05-21 01:00:25,10946,55.8,,2.55,
2025-05-21 02:00:16,10973,51.4,,2.36,
2025-05-21 03:00:36,11009,51.4,,2.36,
2025-05-21 04:00:41,11052,51.4,,2.36,
2025-05-21 05:00:46,11087,51.4,,2.36,
2025-05-21 06:00:30,11117,51.0,,2.33,
2025-05-21 07:00:35,11141,51.4,,2.36,
2025-05-21 08:00:02,11166,51.4,,2.36,
2025-05-21 09:00:08,11192,77.7,,2.49,
2025-05-21 10:00:13,11218,77.7,,2.49,
2025-05-21 11:00:18,11245,77.7,,2.49,
2025-05-21 12:00:24,11274,67.6,,2.6,
2025-05-21 13:00:19,11293,67.6,,2.6,
2025-05-21 14:00:09,11323,77.7,,2.49,
2025-05-21 15:00:39,11352,67.6,,2.61,
2025-05-21 16:00:21,11389,77.7,,2.49,
2025-05-21 17:00:50,11418,67.6,,2.6,
2025-05-21 18:00:55,11443,67.6,,2.61,
2025-05-21 19:00:00,11475,77.7,,2.49,
2025-05-21 20:00:05,11500,77.7,,2.49,
2025-05-21 21:00:08,11526,77.7,,2.49,
2025-05-21 22:00:16,11564,67.6,,2.6,
2025-05-21 23:00:22,11594,77.7,,2.49,
2025-05-22 00:00:27,11626,77.7,,2.49,
2025-05-22 01:00:33,11661,67.6,,2.61,
2025-05-22 02:00:39,11697,77.7,,2.49,
2025-05-22 03:00:45,11714,77.7,,2.49,
2025-05-22 04:00:51,11751,77.7,,2.49,
2025-05-22 05:00:11,11786,67.6,,2.6,
2025-05-22 06:00:02,11818,77.7,,2.49,
2025-05-22 07:00:08,11852,67.6,,2.61,
2025-05-22 08:00:13,11886,67.6,,2.6,
2025-05-22 09:00:19,11918,77.7,,2.49,
2025-05-22 10:00:14,11942,67.6,,2.6,
2025-05-22 11:00:29,11964,77.7,,2.49,
2025-05-22 12:00:10,11995,67.6,,2.6,
2025-05-22 13:00:41,12030,77.7,,2.49,
2025-05-22 14:00:15,12062,67.6,,2.6,
2025-05-22 15:00:53,12082,67.6,,2.61,
2025-05-22 16:00:58,12106,67.6,,2.61,
2025-05-22 17:00:02,12130,77.7,,2.49,
2025-05-22 18:00:07,12159,77.7,,2.49,
2025-05-22 19:00:08,12181,67.6,,2.6,
2025-05-22 20:00:09,12202,77.7,,2.49,
2025-05-22 21:00:10,12234,77.7,,2.49,
2025-05-22 22:00:22,12267,67.6,,2.6,
2025-05-22 23:00:12,12301,77.7,,2.49,
2025-05-23 00:00:39,12338,77.7,,2.49,
2025-05-23 01:00:44,12373,77.7,,2.49,
2025-05-23 02:00:35,12414,67.6,,2.6,
2025-05-23 03:00:54,12445,67.6,,2.6,
2025-05-23 04:00:02,12476,67.6,,2.61,
2025-05-23 05:00:08,12502,67.6,,2.6,
2025-05-23 06:00:13,12530,67.6,,2.6,
2025-05-23 07:00:19,12571,77.7,,2.49,
2025-05-23 08:00:24,12590,77.7,,2.49,
2025-05-23 09:00:30,12614,67.6,,2.6,
2025-05-23 10:00:13,12641,67.6,,2.61,
2025-05-23 11:00:35,12679,67.6,,2.6,
2025-05-23 12:00:37,12713,77.7,,2.49,
2025-05-23 13:00:37,12740,77.7,,2.49,
2025-05-23 14:00:04,12767,80.7,,3.28,
2025-05-23 15:00:03,12783,80.7,,3.28,
2025-05-23 16:00:09,12817,80.7,,3.28,
2025-05-23 17:00:12,12842,80.7,,3.28,
2025-05-23 18:00:20,12872,80.7,,3.28,
2025-05-23 19:00:26,12916,80.7,,3.28,
2025-05-23 20:00:32,12953,80.7,,3.28,
2025-05-23 21:00:29,12975,106.0,,2.66,
2025-05-23 22:00:15,13001,80.7,,3.28,
2025-05-23 23:00:48,13034,80.7,,3.28,
2025-05-24 00:00:03,13058,80.7,,3.28,
2025-05-24 01:00:01,13090,80.7,,3.28,
2025-05-24 02:00:07,13113,80.7,,3.28,
2025-05-24 03:00:13,13147,80.7,,3.28,
2025-05-24 04:00:19,13185,80.7,,3.28,
2025-05-24 05:00:28,13212,80.7,,3.28,
2025-05-24 06:00:34,13245,80.7,,3.28,
2025-05-24 07:00:16,13272,106.0,,2.66,
2025-05-24 08:00:05,13293,106.0,,2.63,
2025-05-24 09:00:09,13332,106.0,,2.63,
2025-05-24 10:00:58,13362,106.0,,2.66,
2025-05-24 11:00:03,13391,106.0,,2.63,
2025-05-24 12:00:10,13419,106.0,,2.63,
2025-05-24 13:00:15,13457,80.7,,3.28,
2025-05-24 14:00:19,13489,88.0,,3.34,
2025-05-24 15:00:27,13515,88.0,,3.34,
2025-05-24 16:00:19,13556,88.0,,3.34,
2025-05-24 17:00:39,13595,88.0,,3.34,
2025-05-24 18:00:08,13615,88.0,,3.34,
2025-05-24 19:00:08,13651,88.0,,3.34,
2025-05-24 20:00:57,13683,88.0,,3.34,
2025-05-24 21:00:03,13708,88.0,,3.34,
2025-05-24 22:00:09,13739,88.0,,3.34,
2025-05-24 23:00:11,13764,88.0,,3.34,
2025-05-25 00:00:22,13783,88.0,,3.34,
2025-05-25 01:00:28,13803,88.0,,3.34,
2025-05-25 02:00:10,13842,88.0,,3.34,
2025-05-25 03:00:06,13868,88.0,,3.34,
2025-05-25 04:00:47,13891,88.0,,3.34,
2025-05-25 05:00:54,13925,88.0,,3.34,
2025-05-25 06:01:00,13950,88.0,,3.34,
2025-05-25 07:00:06,13984,88.0,,3.34,
2025-05-25 08:00:11,14018,88.0,,3.34,
2025-05-25 09:00:12,14050,88.0,,3.34,
2025-05-25 10:00:13,14089,88.0,,3.34,
2025-05-25 11:00:14,14115,88.0,,3.34,
2025-05-25 12:00:14,14148,88.0,,3.34,
2025-05-25 13:00:09,14175,88.0,,3.34,
2025-05-25 14:00:16,14199,88.0,,3.34,
2025-05-25 15:00:36,14226,88.0,,3.34,
2025-05-25 16:00:40,14266,88.0,,3.34,
2025-05-25 17:00:44,14295,88.0,,3.34,
2025-05-25 18:00:28,14324,88.0,,3.34,
2025-05-25 19:00:50,14351,88.0,,3.34,
2025-05-25 20:00:27,14382,88.0,,3.34,
2025-05-25 21:00:58,14412,94.8,,3.86,
2025-05-25 22:00:02,14449,94.8,,3.86,
2025-05-25 23:00:06,14476,94.8,,3.86,
2025-05-26 00:00:10,14504,88.0,,3.34,
2025-05-26 01:00:14,14534,94.8,,3.86,
2025-05-26 02:00:18,14565,88.0,,3.34,
2025-05-26 03:00:22,14597,94.8,,3.86,
2025-05-26 04:00:26,14622,88.0,,3.34,
2025-05-26 05:00:30,14654,94.8,,3.86,
2025-05-26 06:00:33,14680,94.8,,3.86,
2025-05-26 07:00:37,14720,94.8,,3.86,
2025-05-26 08:00:37,14748,94.8,,3.86,
2025-05-26 09:00:45,14785,88.3,,5.11,
2025-05-26 10:00:05,14807,88.3,,5.11,
2025-05-26 11:00:06,14836,94.8,,3.86,
2025-05-26 12:00:46,14865,94.8,,3.86,
2025-05-26 13:00:59,14897,88.0,,3.34,
2025-05-26 13:35:58,14913,88.3,,5.11,
2025-05-26 13:37:17,14913,88.0,,3.34,
2025-05-26 14:00:02,14918,94.8,,3.86,
2025-05-26 15:00:06,14945,88.3,,5.11,
2025-05-26 16:00:09,14969,94.8,,3.86,
2025-05-26 17:00:12,15011,94.8,,3.86,
2025-05-29 14:38:26,17154,105.0,2.27,2.92,
2025-05-29 14:38:26,17154,105.0,2.27,2.92,
2025-05-29 19:32:02,17307,119.0,1.5,2.29,
2025-05-29 21:00:44,17347,119.0,1.5,2.29,
2025-05-29 22:00:45,17388,113.0,1.7,2.56,
2025-05-29 23:00:43,17423,132.0,1.58,2.52,
2025-05-30 00:00:47,17456,113.0,1.7,2.56,
2025-05-30 01:00:48,17483,132.0,1.58,2.52,
2025-05-30 02:00:01,17511,127.0,2.05,2.92,
2025-05-30 03:00:06,17551,113.0,1.7,2.56,
2025-05-30 04:00:06,17576,113.0,1.7,2.56,
2025-05-30 05:00:13,17605,113.0,1.7,2.56,
2025-05-30 06:00:16,17629,126.0,1.77,3.27,
2025-05-30 07:00:10,17657,127.0,2.05,2.92,
2025-05-30 08:00:23,17690,127.0,2.05,2.92,
2025-05-30 09:00:26,17721,126.0,1.77,3.28,
2025-05-30 10:00:31,17751,141.0,1.68,2.91,
2025-05-30 11:00:21,17779,127.0,2.05,2.92,
2025-05-30 12:00:10,17811,126.0,1.77,3.28,
2025-05-30 13:00:21,17846,127.0,2.05,2.92,
2025-05-30 14:00:45,17879,127.0,2.05,2.92,
2025-05-30 15:00:06,17906,126.0,1.77,3.28,
2025-05-30 16:00:52,17935,141.0,1.68,2.89,
2025-05-30 17:00:57,17959,141.0,1.68,2.89,
2025-05-30 18:00:00,17993,126.0,1.77,3.28,
2025-05-30 19:00:04,18018,141.0,1.68,2.89,
2025-05-30 20:00:07,18042,126.0,1.77,3.28,
2025-05-30 21:00:11,18068,126.0,1.77,3.28,
2025-05-30 22:00:15,18101,141.0,1.68,2.89,
2025-05-30 23:00:19,18126,141.0,1.68,2.91,
2025-05-31 00:00:23,18172,178.0,1.64,2.68,
2025-05-31 01:00:26,18196,178.0,1.64,2.68,
2025-05-31 02:00:03,18219,141.0,1.68,2.89,
2025-05-31 03:00:35,18252,178.0,1.64,2.68,
2025-05-31 04:00:47,18279,126.0,1.77,3.28,
2025-05-31 05:00:48,18309,126.0,1.77,3.28,
2025-05-31 06:00:49,18334,133.0,1.93,2.5,
2025-05-31 07:00:12,18362,132.0,1.93,2.5,
2025-05-31 08:00:02,18395,133.0,1.93,2.5,
2025-05-31 09:00:05,18423,132.0,1.93,2.5,
2025-05-31 10:00:09,18461,133.0,1.93,2.5,
2025-05-31 11:00:12,18496,133.0,1.93,2.5,
2025-05-31 12:00:16,18528,133.0,1.93,2.5,
2025-05-31 13:00:12,18549,133.0,1.93,2.5,
2025-05-31 14:00:13,18577,133.0,1.93,2.5,
2025-05-31 15:00:05,18613,133.0,1.93,2.5,
2025-05-31 18:00:02,18698,141.0,2.16,2.74,
2025-05-31 21:00:04,18789,141.0,2.16,2.74,
2025-06-01 00:00:06,18873,141.0,2.16,2.74,
2025-06-01 03:00:08,18964,138.0,1.71,3.15,
2025-06-01 06:00:10,19068,141.0,2.16,2.74,
2025-06-01 09:00:12,19168,138.0,1.71,3.15,
2025-06-01 12:00:07,19244,141.0,2.16,2.74,
2025-06-01 15:00:10,19329,138.0,1.71,3.15,
2025-06-01 18:00:18,19410,138.0,1.71,3.15,
2025-06-01 21:00:20,19495,138.0,1.71,3.15,
2025-06-02 00:00:22,19589,138.0,1.71,3.15,
2025-06-02 03:00:24,19681,138.0,1.71,3.15,
2025-06-02 06:00:01,19768,141.0,2.16,2.74,
2025-06-02 09:00:11,19867,141.0,2.16,2.74,
2025-06-02 12:00:22,19958,138.0,1.71,3.15,
2025-06-02 15:00:31,20046,141.0,2.16,2.74,
2025-06-02 18:00:33,20125,141.0,2.16,2.74,
2025-06-02 21:00:33,20196,138.0,1.71,3.15,
2025-06-03 00:00:01,20272,141.0,2.16,2.74,
2025-06-03 03:00:11,20375,112.0,2.1,3.09,
2025-06-03 06:00:22,20455,112.0,2.1,3.09,
2025-06-03 12:00:42,20583,112.0,2.1,3.09,
2025-06-14 15:00:02,28558,145.0,1.73,3.15,
2025-06-14 18:00:04,28640,131.0,1.87,3.23,
2025-06-14 21:00:06,28734,159.0,1.74,2.97,
2025-06-15 00:00:08,28812,167.0,1.45,3.16,
2025-06-15 03:00:01,28903,140.0,1.51,3.25,
2025-06-15 06:00:12,28999,145.0,1.76,3.08,
2025-06-15 09:00:14,29097,150.0,1.81,3.25,
2025-06-15 12:00:16,29177,123.0,1.73,4.2,
2025-06-15 15:00:00,29252,115.0,1.45,3.68,
2025-06-15 18:00:15,29330,102.0,1.46,3.72,
2025-06-15 21:00:22,29418,102.0,1.48,3.67,
2025-06-16 00:00:25,29522,129.0,1.4,3.65,
2025-06-16 03:00:01,29620,179.0,1.45,3.39,
2025-06-16 06:00:19,29692,155.0,1.33,3.63,
2025-06-16 09:00:14,29784,132.0,1.35,3.55,
2025-06-16 12:00:20,29858,120.0,1.27,3.61,
2025-06-16 15:00:02,29957,109.0,1.24,3.98,
2025-06-16 18:00:18,30052,105.0,1.36,4.13,
2025-06-16 21:00:06,30145,136.0,1.4,4.31,
2025-06-17 00:00:04,30230,124.0,1.3,3.83,
2025-06-17 03:00:04,30314,127.0,1.29,3.9,
2025-06-17 06:00:08,30412,145.0,1.31,3.38,
2025-06-17 09:00:11,30498,142.0,1.31,3.76,
2025-06-17 12:00:13,30585,140.0,1.25,3.25,
2025-06-17 15:00:01,30675,160.0,1.24,3.49,
2025-06-17 18:00:12,30746,139.0,1.27,4.0,
2025-06-17 21:00:21,30840,130.0,1.2,3.37,
2025-06-18 00:00:06,30921,118.0,1.18,3.2,
2025-06-18 03:00:25,31019,135.0,1.15,3.22,
2025-06-18 06:00:27,31110,155.0,1.13,3.69,
2025-06-18 09:00:04,31181,130.0,1.01,3.45,
2025-06-18 12:00:06,31274,136.0,0.91,3.08,
2025-06-18 15:00:25,31367,151.0,0.82,3.62,
2025-06-18 18:00:25,31449,124.0,0.93,3.37,
2025-06-18 21:00:11,31545,145.0,1.06,2.83,
2025-06-19 00:00:05,31645,145.0,1.28,3.27,
2025-06-19 03:00:18,31736,153.0,1.07,3.35,
2025-06-19 06:00:33,31819,130.0,1.15,3.18,
2025-06-19 09:00:44,31914,117.0,1.28,3.31,
2025-06-19 12:00:18,31996,128.0,1.25,3.32,
2025-06-19 15:00:09,32081,118.0,1.22,2.87,
2025-06-19 15:00:09,32081,118.0,1.22,2.87,
2025-06-19 18:00:23,32174,130.0,1.38,2.89,
2025-06-19 21:00:36,32272,116.0,1.36,3.23,
2025-06-20 00:00:50,32366,128.0,1.62,3.37,
2025-06-20 03:00:04,32443,113.0,1.49,3.36,
2025-06-20 06:00:18,32527,116.0,1.21,3.39,
2025-06-20 09:00:39,32615,116.0,1.07,3.4,
2025-06-20 12:00:54,32698,124.0,1.04,3.37,
2025-06-20 15:00:03,32794,108.0,1.04,3.42,
2025-06-20 18:00:09,32886,113.0,1.3,3.96,
2025-06-20 21:00:03,32984,118.0,1.21,3.88,
2025-06-21 00:00:48,33077,130.0,1.17,4.17,
2025-06-21 03:00:02,33155,122.0,1.15,3.82,
2025-06-21 06:00:15,33244,123.0,1.17,3.56,
2025-06-21 09:00:05,33348,152.0,1.25,3.54,
2025-06-21 12:00:40,33437,134.0,1.22,3.9,
2025-06-21 15:00:53,33524,130.0,1.23,3.88,
2025-06-21 18:00:05,33612,136.0,1.29,4.15,
2025-06-21 21:00:19,33702,142.0,1.04,4.05,
2025-06-22 00:00:34,33783,139.0,1.17,4.08,
2025-06-22 03:00:50,33866,131.0,1.18,3.65,
2025-06-22 06:00:05,33952,125.0,1.09,3.53,
2025-06-22 09:00:19,34049,145.0,1.09,3.35,
2025-06-22 12:00:34,34124,127.0,1.04,3.41,
2025-06-22 15:00:49,34210,116.0,1.14,3.12,
2025-06-22 18:00:04,34307,119.0,1.13,3.62,
2025-06-22 21:00:18,34412,132.0,1.05,4.29,
2025-06-23 00:00:37,34497,149.0,1.1,4.06,
2025-06-23 03:00:50,34584,133.0,1.12,3.98,
2025-06-23 06:00:09,34665,142.0,1.0,3.46,
2025-06-23 09:00:25,34768,135.0,1.1,4.39,
2025-06-23 12:00:41,34855,128.0,1.23,3.79,
2025-06-23 15:00:12,34939,135.0,1.14,3.69,
2025-06-23 18:00:11,35033,135.0,1.19,3.89,
2025-06-23 21:00:27,35117,140.0,1.03,3.66,
2025-06-24 00:00:30,35208,141.0,1.35,3.38,
2025-06-24 03:01:00,35299,124.0,1.22,3.65,
2025-06-24 06:00:16,35385,144.0,1.14,3.27,
2025-06-24 09:00:33,35468,131.0,1.1,3.71,
2025-06-24 12:00:48,35569,128.0,1.11,3.63,
2025-06-24 15:00:05,35653,127.0,1.15,3.71,
2025-06-24 18:00:21,35750,141.0,1.11,4.22,
2025-06-24 21:00:38,35830,125.0,1.11,3.4,
2025-06-25 00:00:55,35918,141.0,1.25,3.23,
2025-06-25 03:00:12,36013,129.0,1.34,3.66,
2025-06-25 06:00:30,36096,129.0,1.23,3.37,
2025-06-25 09:00:02,36184,125.0,1.19,3.25,
2025-06-25 12:00:02,36275,128.0,1.29,3.3,
2025-06-25 15:00:18,36364,128.0,1.21,3.25,
2025-06-25 18:00:35,36451,125.0,1.08,3.44,
2025-06-25 21:00:52,36545,114.0,1.12,3.32,
2025-06-26 00:00:10,36627,135.0,1.01,2.99,
2025-06-26 03:00:31,36714,129.0,1.03,3.09,
2025-06-26 06:00:49,36802,119.0,1.14,2.78,
2025-06-26 09:00:07,36894,114.0,1.17,2.93,
2025-06-26 12:00:24,37005,152.0,1.28,3.45,
2025-06-26 15:00:42,37095,148.0,1.28,3.9,
2025-06-26 18:00:40,37176,134.0,1.21,4.04,
2025-06-26 21:00:17,37272,151.0,1.06,4.06,
2025-06-27 00:00:10,37360,137.0,1.24,3.59,
2025-06-27 03:00:53,37441,129.0,1.09,3.77,
2025-06-27 06:00:12,37528,133.0,1.09,3.51,
2025-06-27 09:00:30,37610,124.0,1.02,3.04,
2025-06-27 12:00:16,37706,140.0,1.1,3.58,
2025-06-27 15:00:04,37792,121.0,1.08,3.62,
2025-06-27 18:00:14,37884,129.0,0.95,3.61,
2025-06-27 18:00:14,37884,129.0,0.95,3.61,
2025-06-27 21:00:35,37978,139.0,1.07,4.07,
2025-06-28 00:00:00,38050,134.0,1.03,3.44,
2025-06-28 03:00:02,38144,138.0,0.91,3.33,
2025-06-28 06:00:04,38232,123.0,0.94,3.72,
2025-06-28 09:00:06,38309,115.0,0.85,3.83,
2025-06-28 12:00:08,38392,113.0,0.79,3.37,
2025-06-28 15:00:10,38490,116.0,0.8,4.18,
2025-06-28 18:00:02,38582,108.0,0.85,3.99,
2025-06-28 21:00:06,38670,114.0,0.99,3.7,
2025-06-29 00:00:16,38773,142.0,0.91,3.86,
2025-06-29 03:00:18,38857,149.0,1.03,3.22,
2025-06-29 06:00:20,38944,144.0,0.93,3.67,
2025-06-29 09:00:04,39035,139.0,0.79,4.36,
2025-06-29 12:00:16,39132,137.0,0.93,4.21,
2025-06-29 15:00:25,39219,124.0,1.02,3.68,
2025-06-29 18:00:27,39304,131.0,0.89,3.97,
2025-06-29 21:00:29,39390,133.0,0.96,3.91,
2025-06-30 00:00:04,39470,124.0,0.86,3.39,
2025-06-30 03:00:17,39560,129.0,0.83,3.16,
2025-06-30 06:00:31,39646,133.0,0.87,3.16,
2025-06-30 09:00:32,39742,125.0,0.91,3.47,
2025-06-30 12:00:39,39832,129.0,0.74,3.76,
2025-06-30 15:00:00,39921,119.0,0.85,4.23,
2025-06-30 18:00:22,40011,130.0,0.79,3.73,
2025-06-30 21:00:30,40094,124.0,0.76,3.97,
2025-07-01 00:00:49,40192,117.0,0.75,4.52,
2025-07-01 03:00:01,40281,129.0,0.88,4.35,
2025-07-01 06:00:15,40367,112.0,0.89,3.65,
2025-07-01 09:00:29,40468,123.0,0.92,4.1,
2025-07-01 12:00:08,40558,138.0,0.86,4.12,
2025-07-01 15:00:44,40646,142.0,0.88,3.69,
2025-07-01 18:00:07,40715,131.0,0.8,3.47,
2025-07-01 21:00:21,40797,117.0,0.75,3.24,
2025-07-02 00:00:36,40891,120.0,0.74,3.37,
2025-07-02 03:00:38,40984,121.0,0.78,3.45,
2025-07-02 06:00:04,41069,114.0,0.89,3.95,
2025-07-02 09:00:01,41157,130.0,0.76,3.13,
2025-07-02 12:00:13,41253,132.0,0.72,3.61,
2025-07-02 15:00:46,41346,132.0,0.83,4.02,
2025-07-02 18:00:01,41435,129.0,0.78,3.86,
2025-07-02 21:00:14,41518,125.0,0.81,3.66,
2025-07-03 00:00:12,41611,132.0,0.7,3.48,
2025-07-03 03:00:14,41687,124.0,0.73,3.28,
2025-07-03 06:00:16,41786,117.0,0.95,3.19,
2025-07-03 09:00:17,41871,115.0,0.86,3.45,
2025-07-03 12:00:20,41961,140.0,0.75,3.69,
2025-07-03 15:00:15,42059,150.0,0.76,3.56,
2025-07-03 18:00:02,42140,131.0,0.76,3.54,
2025-07-03 21:00:17,42237,146.0,0.77,3.6,
2025-07-04 00:00:13,42317,122.0,0.82,3.33,
2025-07-04 03:00:14,42419,138.0,0.76,3.48,
2025-07-04 06:00:07,42513,137.0,0.8,3.82,
2025-07-04 09:00:23,42589,112.0,0.82,4.01,
2025-07-04 12:00:35,42679,116.0,0.8,3.97,
2025-07-04 15:00:11,42768,122.0,0.8,3.62,
2025-07-04 18:00:11,42872,143.0,0.86,3.91,
2025-07-04 21:00:28,42949,122.0,0.76,3.53,
2025-07-05 00:00:42,43030,133.0,0.8,3.17,
2025-07-05 03:00:02,43129,127.0,0.82,3.66,
2025-07-05 06:00:20,43214,134.0,0.75,3.66,
2025-07-05 09:00:38,43293,104.0,0.76,3.61,
2025-07-05 12:00:50,43391,121.0,0.76,3.7,
2025-07-05 15:00:12,43468,112.0,0.71,3.57,
2025-07-05 18:00:30,43566,122.0,0.69,3.43,
2025-07-05 21:00:48,43668,137.0,0.78,3.41,
2025-07-06 00:00:06,43759,119.0,0.85,3.99,
2025-07-06 03:00:24,43850,117.0,0.86,3.93,
2025-07-06 06:00:18,43948,137.0,0.86,4.24,
2025-07-06 09:00:53,44029,137.0,0.93,3.58,
2025-07-06 12:00:17,44117,136.0,0.95,3.43,
2025-07-06 15:00:35,44198,128.0,0.97,3.3,
2025-07-06 18:00:39,44296,132.0,0.86,3.53,
2025-07-06 21:00:03,44380,132.0,0.82,3.56,
2025-07-07 00:00:30,44468,123.0,0.83,3.39,
2025-07-07 03:00:49,44560,129.0,0.82,3.85,
2025-07-07 06:00:09,44651,134.0,0.9,3.49,
2025-07-07 09:00:27,44735,127.0,0.9,3.17,
2025-07-07 12:00:12,44843,121.0,1.01,3.97,
2025-07-07 15:00:05,44912,121.0,0.98,3.6,
2025-07-07 18:00:29,44997,114.0,0.9,3.19,
2025-07-07 21:00:48,45090,117.0,0.92,3.27,
2025-07-08 00:00:07,45181,123.0,0.99,2.92,
2025-07-08 03:00:27,45276,118.0,1.18,2.96,
2025-07-08 06:00:47,45361,137.0,0.96,2.86,
2025-07-08 09:00:05,45439,129.0,0.81,3.28,
2025-07-08 12:00:24,45528,118.0,0.91,3.39,
2025-07-08 15:00:10,45618,129.0,0.92,3.16,
2025-07-08 18:00:00,45707,137.0,0.98,2.79,
2025-07-08 21:00:20,45805,136.0,0.96,3.45,
2025-07-09 00:00:39,45881,141.0,0.79,3.14,
2025-07-09 03:00:59,45973,136.0,0.8,2.94,
2025-07-09 06:00:17,46062,127.0,0.91,3.2,
2025-07-09 09:00:36,46152,139.0,0.82,3.42,
2025-07-09 12:00:57,46232,123.0,0.74,3.12,
2025-07-09 15:00:16,46328,137.0,0.7,3.3,
2025-07-09 18:00:30,46427,139.0,0.8,3.71,
2025-07-09 21:00:53,46508,136.0,0.77,3.38,
2025-07-10 00:00:12,46592,116.0,0.74,3.34,
2025-07-10 03:00:32,46684,115.0,0.75,3.85,
2025-07-10 06:00:52,46785,103.0,0.85,3.62,
2025-07-10 09:00:08,46867,113.0,0.8,3.92,
2025-07-10 12:00:19,46963,125.0,0.78,3.64,
2025-07-10 15:00:45,47047,123.0,0.81,3.12,
2025-07-10 18:00:03,47125,125.0,0.75,3.29,
2025-07-10 21:00:22,47216,119.0,0.68,3.34,
2025-07-11 00:00:02,47311,123.0,0.7,3.4,
2025-07-11 03:01:00,47401,143.0,0.71,3.33,
2025-07-11 06:00:12,47491,118.0,0.79,3.32,
2025-07-11 09:00:18,47571,111.0,0.72,3.79,
2025-07-11 12:00:35,47670,142.0,0.75,3.41,
2025-07-11 15:00:07,47774,143.0,0.85,3.31,
2025-07-11 18:00:50,47857,126.0,0.8,4.01,
2025-07-11 21:00:10,47933,123.0,0.73,4.29,
2025-07-12 00:00:22,48025,115.0,0.85,3.35,
2025-07-12 03:00:35,48108,128.0,0.76,3.32,
2025-07-12 06:00:00,48198,123.0,0.7,3.37,
2025-07-12 09:00:58,48288,153.0,0.72,3.53,
2025-07-12 12:00:11,48368,143.0,0.63,3.26,
2025-07-12 15:00:23,48469,137.0,0.72,3.42,
2025-07-12 18:00:36,48561,136.0,0.7,4.25,
2025-07-12 21:00:07,48641,135.0,0.73,3.89,
2025-07-13 00:00:01,48736,127.0,0.69,4.27,
2025-07-13 03:00:14,48825,141.0,0.7,3.67,
2025-07-13 06:00:27,48909,155.0,0.69,3.62,
2025-07-13 09:00:41,48991,124.0,0.7,3.53,
2025-07-13 12:00:54,49083,130.0,0.67,3.11,
2025-07-13 15:00:07,49162,119.0,0.68,3.33,
2025-07-13 18:00:20,49265,136.0,0.65,3.46,
2025-07-13 21:00:32,49355,133.0,0.67,3.87,
2025-07-14 00:00:37,49440,112.0,0.68,3.92,
2025-07-14 03:00:00,49535,114.0,0.72,3.85,
2025-07-14 06:00:12,49608,109.0,0.7,3.24,
2025-07-14 09:00:25,49692,107.0,0.63,3.48,
2025-07-14 12:00:38,49779,111.0,0.59,3.23,
2025-07-14 15:00:14,49876,107.0,0.63,3.15,
2025-07-14 18:00:05,49967,126.0,0.62,3.23,
2025-07-14 21:00:19,50070,121.0,0.64,4.01,
2025-07-15 00:00:35,50153,113.0,0.67,3.8,
2025-07-15 03:00:49,50254,124.0,0.68,3.86,
2025-07-15 06:00:04,50341,134.0,0.68,3.98,
2025-07-15 09:00:17,50430,126.0,0.7,4.11,
2025-07-15 12:00:29,50520,110.0,0.68,4.72,
2025-07-15 15:00:24,50614,117.0,0.65,5.05,
2025-07-15 18:00:56,50692,120.0,0.69,4.12,
2025-07-15 21:00:10,50762,111.0,0.56,3.93,
2025-07-16 00:00:25,50860,119.0,0.6,3.55,
2025-07-16 03:00:39,50950,111.0,0.62,3.95,
2025-07-16 06:00:15,51044,113.0,0.65,3.83,
2025-07-16 09:00:07,51138,114.0,0.63,4.38,
2025-07-16 12:00:20,51230,131.0,0.66,3.7,
2025-07-16 15:00:35,51315,140.0,0.62,3.42,
2025-07-16 18:00:48,51417,142.0,0.68,3.96,
2025-07-16 21:00:03,51507,122.0,0.7,4.77,
2025-07-17 00:00:04,51603,136.0,0.66,4.78,
2025-07-17 03:00:35,51693,175.0,0.64,4.78,
2025-07-17 06:00:49,51778,169.0,0.75,4.59,
2025-07-17 09:00:05,51855,151.0,0.63,3.83,
2025-07-17 12:00:10,51933,135.0,0.61,3.37,
2025-07-17 15:00:15,52029,139.0,0.71,3.44,
2025-07-17 18:00:28,52106,126.0,0.63,3.23,
2025-07-17 21:00:02,52209,118.0,0.67,4.57,
2025-07-18 00:00:05,52297,123.0,0.66,4.77,
2025-07-18 03:00:33,52387,146.0,0.65,4.16,
2025-07-18 06:00:49,52476,146.0,0.66,4.33,
2025-07-18 09:00:04,52560,144.0,0.61,4.34,
2025-07-18 12:00:19,52650,133.0,0.67,3.77,
2025-07-18 15:00:13,52721,124.0,0.67,3.35,
2025-07-18 18:00:47,52812,124.0,0.62,3.2,
2025-07-18 21:00:03,52905,139.0,0.57,2.98,
2025-07-19 00:00:06,52997,153.0,0.55,3.41,
2025-07-19 03:00:32,53093,147.0,0.62,3.49,
2025-07-19 06:00:47,53177,138.0,0.63,3.49,
2025-07-19 09:00:02,53257,125.0,0.66,3.21,
2025-07-19 12:00:17,53342,130.0,0.66,3.14,
2025-07-19 15:00:33,53414,112.0,0.57,3.14,
2025-07-19 18:00:48,53519,112.0,0.55,3.59,
2025-07-19 21:00:04,53612,107.0,0.58,3.49,
2025-07-20 00:00:21,53693,105.0,0.53,3.82,
2025-07-20 03:00:24,53794,135.0,0.6,3.64,
2025-07-20 06:00:26,53885,124.0,0.58,3.89,
2025-07-20 09:00:07,53973,114.0,0.59,3.93,
2025-07-20 12:00:23,54066,132.0,0.58,3.87,
2025-07-20 15:00:39,54163,120.0,0.62,4.3,
2025-07-20 18:00:55,54251,127.0,0.64,4.35,
2025-07-20 21:00:10,54345,129.0,0.73,4.19,
2025-07-21 00:00:04,54418,128.0,0.72,3.6,
2025-07-21 03:00:27,54503,120.0,0.64,3.32,
2025-07-21 06:00:59,54588,127.0,0.61,3.72,
2025-07-21 09:00:14,54682,114.0,0.59,3.68,
2025-07-21 12:00:30,54769,125.0,0.57,4.0,
2025-07-21 15:00:00,54858,112.0,0.59,3.57,
2025-07-21 18:00:02,54947,127.0,0.56,3.74,
2025-07-21 21:00:04,55035,117.0,0.53,3.8,
2025-07-22 00:00:04,55136,113.0,0.66,4.08,
2025-07-22 03:00:08,55215,114.0,0.62,3.64,
2025-07-22 06:00:09,55297,111.0,0.57,3.55,
2025-07-22 09:00:12,55403,137.0,0.68,3.32,
2025-07-22 12:00:14,55489,135.0,0.64,3.49,
2025-07-22 15:00:05,55572,126.0,0.56,3.75,
2025-07-22 18:00:18,55664,130.0,0.56,3.45,
2025-07-22 21:00:20,55745,122.0,0.6,3.28,
2025-07-23 00:00:00,55848,140.0,0.61,3.52,
2025-07-23 03:00:22,55930,122.0,0.6,3.41,
2025-07-23 06:00:27,56020,126.0,0.55,3.61,
2025-07-23 09:00:01,56119,134.0,0.57,3.91,
2025-07-23 12:00:07,56200,146.0,0.66,3.32,
2025-07-23 15:00:33,56287,129.0,0.54,3.48,
2025-07-23 18:00:35,56379,136.0,0.55,3.66,
2025-07-23 21:00:04,56478,124.0,0.59,4.21,
2025-07-24 00:00:16,56545,109.0,0.58,3.79,
2025-07-24 03:00:19,56627,101.0,0.54,3.6,
2025-07-24 06:00:21,56724,96.6,0.53,3.93,
2025-07-24 09:00:23,56814,113.0,0.59,3.6,
2025-07-24 12:00:04,56894,114.0,0.54,3.21,
2025-07-24 15:00:16,56988,141.0,0.52,3.11,
2025-07-24 18:00:29,57061,137.0,0.49,2.89,
2025-07-24 21:00:41,57150,120.0,0.49,2.78,
2025-07-25 00:00:54,57246,114.0,0.51,3.03,
2025-07-25 03:00:07,57334,109.0,0.57,2.99,
2025-07-25 06:00:06,57440,114.0,0.53,4.05,
2025-07-25 09:00:14,57531,111.0,0.5,4.17,
2025-07-25 12:00:44,57624,123.0,0.56,4.08,
2025-07-25 15:00:56,57701,127.0,0.51,3.88,
2025-07-25 18:00:09,57796,125.0,0.54,3.38,
2025-07-25 21:00:21,57878,120.0,0.61,3.15,
2025-07-26 00:00:34,57972,104.0,0.56,3.67,
2025-07-26 03:00:47,58052,102.0,0.55,3.46,
2025-07-26 06:01:00,58145,127.0,0.51,3.39,
2025-07-26 09:00:13,58238,114.0,0.54,3.82,
2025-07-26 12:00:26,58331,114.0,0.5,3.89,
2025-07-26 15:00:02,58422,118.0,0.52,3.71,
2025-07-26 18:00:51,58513,130.0,0.48,4.18,
2025-07-26 21:00:04,58616,153.0,0.54,3.98,
2025-07-27 00:00:18,58703,130.0,0.53,4.6,
2025-07-27 03:00:32,58786,136.0,0.52,4.71,
2025-07-27 06:00:47,58874,124.0,0.52,4.38,
2025-07-27 09:01:00,58963,114.0,0.53,4.47,
2025-07-27 12:00:13,59047,97.6,0.55,4.85,
2025-07-27 15:00:17,59128,90.8,0.57,4.21,
2025-07-27 18:00:39,59211,90.9,0.52,4.08,
2025-07-27 21:00:53,59306,91.5,0.55,3.77,
2025-07-28 00:00:07,59407,105.0,0.6,3.82,
2025-07-28 03:00:21,59496,119.0,0.56,4.07,
2025-07-28 06:00:35,59590,132.0,0.7,3.8,
2025-07-28 09:00:04,59667,125.0,0.62,3.52,
2025-07-28 12:00:02,59755,120.0,0.57,3.43,
2025-07-28 15:00:16,59851,131.0,0.58,3.63,
2025-07-28 18:00:10,59949,135.0,0.58,4.22,
2025-07-28 21:00:45,60026,113.0,0.62,3.83,
2025-07-29 00:00:00,60123,116.0,0.63,3.98,
2025-07-29 03:00:14,60209,110.0,0.6,3.89,
2025-07-29 06:00:28,60291,113.0,0.57,3.59,
2025-07-29 09:00:31,60383,123.0,0.57,3.47,
2025-07-29 12:00:08,60479,129.0,0.58,3.87,
2025-07-29 15:00:08,60567,122.0,0.56,3.61,
2025-07-29 18:00:20,60648,114.0,0.64,3.72,
2025-07-29 21:00:31,60734,121.0,0.62,3.65,
2025-07-30 00:00:48,60819,107.0,0.59,3.54,
2025-07-30 03:00:04,60916,104.0,0.59,4.0,
2025-07-30 06:00:19,61013,116.0,0.55,4.2,
2025-07-30 09:00:33,61106,108.0,0.64,4.14,
2025-07-30 12:00:12,61194,114.0,0.61,4.31,
2025-07-30 15:00:01,61288,124.0,0.56,4.38,
2025-07-30 18:00:02,61361,113.0,0.47,4.52,
2025-07-30 21:00:28,61449,100.0,0.54,3.87,
2025-07-31 00:00:41,61541,112.0,0.56,3.65,
2025-07-31 03:00:12,61627,107.0,0.52,4.16,
2025-07-31 06:00:11,61726,111.0,0.55,4.01,
2025-07-31 09:00:01,61807,109.0,0.53,3.85,
2025-07-31 12:00:40,61895,120.0,0.52,3.5,
2025-07-31 15:00:45,61992,126.0,0.5,3.95,
2025-07-31 18:00:10,62077,130.0,0.44,4.09,
2025-07-31 21:00:25,62179,140.0,0.47,3.99,
2025-08-01 00:00:41,62269,128.0,0.57,4.96,
2025-08-01 03:00:30,62349,119.0,0.49,4.33,
2025-08-01 06:00:14,62432,125.0,0.5,3.85,
2025-08-01 09:00:30,62525,122.0,0.5,3.71,
2025-08-01 12:00:46,62600,122.0,0.49,3.51,
2025-08-01 15:00:02,62689,109.0,0.49,3.27,
2025-08-01 18:00:17,62775,101.0,0.51,3.64,
2025-08-01 21:00:12,62873,109.0,0.41,4.11,
2025-08-02 00:00:49,62962,109.0,0.48,4.34,
2025-08-02 03:00:07,63046,106.0,0.41,4.05,
2025-08-02 06:00:23,63136,124.0,0.35,3.9,
2025-08-02 09:00:13,63232,137.0,0.38,3.99,
2025-08-02 12:00:56,63314,133.0,0.37,3.62,
2025-08-02 15:00:12,63408,120.0,0.48,4.14,
2025-08-02 18:00:29,63499,123.0,0.43,3.91,
2025-08-02 21:00:32,63582,125.0,0.34,4.12,
2025-08-03 00:00:03,63685,124.0,0.39,4.62,
2025-08-03 03:00:20,63775,133.0,0.41,4.4,
2025-08-03 06:00:07,63860,121.0,0.44,4.99,
2025-08-03 09:00:54,63942,105.0,0.4,4.5,
2025-08-03 12:00:10,64026,107.0,0.42,4.18,
2025-08-03 15:00:28,64123,130.0,0.39,3.9,
2025-08-03 18:00:45,64208,126.0,0.39,4.04,
2025-08-03 21:00:02,64299,122.0,0.38,4.01,
2025-08-04 00:00:19,64387,133.0,0.4,3.95,
2025-08-04 03:00:12,64464,122.0,0.37,3.7,
2025-08-04 06:00:55,64559,122.0,0.37,3.76,
2025-08-04 09:00:02,64641,111.0,0.35,3.56,
2025-08-04 12:00:27,64720,97.8,0.4,3.05,
2025-08-04 15:00:43,64829,94.7,0.49,3.44,
2025-08-04 18:01:00,64928,113.0,0.45,4.22,
2025-08-04 21:00:03,65010,112.0,0.45,4.45,
2025-08-05 00:00:33,65110,127.0,0.49,3.86,
2025-08-05 03:00:51,65201,108.0,0.49,4.04,
2025-08-05 06:00:09,65273,117.0,0.48,3.53,
2025-08-05 09:00:25,65361,99.7,0.44,4.08,
2025-08-05 12:00:18,65460,148.0,0.37,3.98,
2025-08-05 15:00:07,65546,145.0,0.41,3.73,
2025-08-05 18:00:24,65632,110.0,0.4,3.95,
2025-08-05 21:00:42,65712,105.0,0.39,3.89,
2025-08-06 00:00:00,65800,106.0,0.38,3.6,
2025-08-06 03:00:19,65902,105.0,0.43,3.75,
2025-08-06 06:00:37,65982,105.0,0.51,3.95,
2025-08-06 09:00:28,66069,106.0,0.45,3.2,
2025-08-06 12:00:13,66150,111.0,0.43,3.04,
2025-08-06 15:00:31,66246,110.0,0.45,2.97,
2025-08-06 18:00:50,66324,101.0,0.38,3.09,
2025-08-06 21:00:15,66419,100.0,0.43,3.75,
2025-08-07 00:00:33,66520,108.0,0.4,3.96,
2025-08-07 03:00:53,66604,106.0,0.43,3.82,
2025-08-07 06:00:12,66694,104.0,0.39,4.23,
2025-08-07 09:00:15,66786,103.0,0.38,4.36,
2025-08-07 12:00:09,66869,113.0,0.36,4.2,
2025-08-07 15:00:08,66949,122.0,0.36,3.84,
2025-08-07 18:00:26,67049,92.0,0.39,4.57,
2025-08-07 21:00:45,67135,101.0,0.39,3.73,
2025-08-08 00:00:04,67240,106.0,0.45,4.35,
2025-08-08 03:00:23,67325,96.8,0.44,4.99,
2025-08-08 06:00:41,67419,117.0,0.42,4.55,
2025-08-08 09:01:00,67512,125.0,0.42,4.89,
2025-08-08 12:00:18,67588,115.0,0.37,5.41,
2025-08-08 15:00:37,67666,111.0,0.34,4.48,
2025-08-08 18:00:56,67752,124.0,0.36,3.54,
2025-08-08 21:00:15,67852,118.0,0.39,3.41,
2025-08-09 00:00:34,67953,110.0,0.64,3.46,
2025-08-09 03:00:54,68029,94.7,0.63,3.49,
2025-08-09 06:00:14,68127,89.2,0.61,3.95,
2025-08-09 09:00:34,68209,88.3,0.65,3.93,
2025-08-09 12:00:54,68287,93.6,0.56,3.89,
2025-08-09 15:00:13,68379,95.9,0.43,4.13,
2025-08-09 18:00:31,68456,88.0,0.4,4.16,
2025-08-09 21:00:51,68545,86.7,0.36,4.75,
2025-08-10 00:00:10,68642,80.9,0.37,5.54,
2025-08-10 03:00:31,68728,90.5,0.4,5.04,
2025-08-10 06:00:50,68814,82.4,0.4,5.16,
2025-08-10 09:00:10,68913,103.0,0.43,4.46,
2025-08-10 12:00:29,69009,111.0,0.45,4.65,
2025-08-10 15:00:43,69087,116.0,0.43,4.1,
2025-08-10 18:00:55,69169,116.0,0.49,3.7,
2025-08-10 21:00:07,69256,100.0,0.43,3.62,
2025-08-11 00:00:20,69341,105.0,0.45,3.4,
2025-08-11 03:00:32,69443,103.0,0.52,3.91,
2025-08-11 06:00:45,69532,98.7,0.46,4.06,
2025-08-11 09:00:57,69610,96.6,0.49,4.13,
2025-08-11 12:00:09,69698,90.8,0.42,4.04,
2025-08-11 15:00:22,69790,101.0,0.41,3.95,
2025-08-11 18:00:34,69884,114.0,0.38,3.66,
2025-08-11 21:00:11,69974,104.0,0.4,4.2,
2025-08-12 00:00:58,70068,97.4,0.46,4.65,
2025-08-12 03:00:11,70156,92.9,0.38,5.04,
2025-08-12 06:00:24,70249,100.0,0.35,5.59,
2025-08-12 09:00:36,70331,98.9,0.32,5.2,
2025-08-12 12:00:49,70420,98.1,0.32,5.1,
2025-08-12 15:00:03,70501,98.0,0.35,5.09,
2025-08-12 18:00:16,70582,105.0,0.4,4.33,
2025-08-12 21:00:09,70691,89.9,0.41,4.51,
2025-08-13 00:00:44,70795,101.0,0.5,5.06,
2025-08-13 03:00:05,70872,93.3,0.54,4.56,
2025-08-13 06:00:16,70954,96.3,0.52,4.0,
2025-08-13 09:00:26,71037,88.1,0.52,3.93,
2025-08-13 12:00:13,71125,77.4,0.53,3.89,
2025-08-13 15:00:58,71216,94.6,0.46,4.0,
2025-08-13 18:00:12,71297,102.0,0.44,3.67,
2025-08-13 21:00:26,71389,101.0,0.43,3.71,
2025-08-14 00:00:40,71480,108.0,0.51,3.31,
2025-08-14 03:00:53,71576,100.0,0.59,3.48,
2025-08-14 06:00:04,71661,106.0,0.51,3.71,
2025-08-14 09:00:21,71753,114.0,0.52,3.95,
2025-08-14 12:00:35,71842,106.0,0.51,3.9,
2025-08-14 15:00:36,71936,104.0,0.53,4.23,
2025-08-14 18:00:03,72030,99.7,0.54,4.49,
2025-08-14 21:00:19,72112,94.8,0.56,4.74,
2025-08-15 00:00:34,72212,98.1,0.57,4.96,
2025-08-15 03:00:49,72307,119.0,0.61,4.76,
2025-08-15 06:00:04,72398,123.0,0.72,4.33,
2025-08-15 09:00:18,72486,109.0,0.6,4.86,
2025-08-15 12:00:08,72579,110.0,0.59,5.87,
2025-08-15 15:00:46,72667,111.0,0.58,5.27,
2025-08-15 18:00:01,72736,112.0,0.63,4.38,
2025-08-15 21:00:15,72837,108.0,0.78,3.65,
2025-08-16 00:00:30,72925,117.0,0.68,3.71,
2025-08-16 03:00:46,73000,120.0,0.6,3.28,
2025-08-16 06:00:01,73084,110.0,0.6,3.7,
2025-08-16 09:00:15,73175,94.9,0.57,4.06,
2025-08-16 12:00:30,73260,102.0,0.49,4.03,
2025-08-16 15:00:46,73356,104.0,0.46,5.0,
2025-08-16 18:00:00,73435,93.6,0.45,4.61,
2025-08-16 21:00:15,73521,92.6,0.56,3.77,
2025-08-17 00:00:18,73622,105.0,0.52,4.3,
2025-08-17 03:00:45,73709,106.0,0.5,3.9,
2025-08-17 06:01:00,73795,116.0,0.44,4.66,
2025-08-17 09:00:01,73904,120.0,0.53,4.61,
2025-08-17 12:00:28,73985,107.0,0.52,4.79,
2025-08-17 15:00:43,74050,104.0,0.47,4.15,
2025-08-17 18:00:58,74146,88.6,0.48,4.23,
2025-08-17 21:00:13,74234,81.0,0.51,4.02,
2025-08-18 00:00:26,74329,92.7,0.59,3.57,
2025-08-18 03:00:28,74421,105.0,0.54,4.01,
2025-08-18 06:00:00,74516,97.9,0.59,4.19,
2025-08-18 09:00:16,74607,102.0,0.6,4.34,
2025-08-18 12:00:31,74697,124.0,0.55,3.86,
2025-08-18 15:00:46,74765,114.0,0.52,3.45,
2025-08-18 18:00:03,74841,108.0,0.4,3.27,
2025-08-18 21:00:18,74929,109.0,0.41,2.88,
2025-08-19 00:00:35,75004,102.0,0.42,2.42,
2025-08-19 03:00:49,75097,96.4,0.44,2.41,
2025-08-19 06:00:04,75178,99.9,0.44,2.17,
2025-08-19 09:00:19,75263,102.0,0.4,2.1,
2025-08-19 12:00:36,75375,110.0,0.44,2.33,
2025-08-19 15:00:14,75473,108.0,0.43,3.26,
2025-08-19 18:00:08,75566,117.0,0.45,3.56,
2025-08-19 21:00:25,75664,115.0,0.47,4.38,
2025-08-20 00:00:43,75758,103.0,0.54,4.63,
2025-08-20 03:01:00,75844,116.0,0.57,3.9,
2025-08-20 06:00:17,75937,118.0,0.48,3.91,
2025-08-20 09:00:21,76024,112.0,0.52,3.7,
2025-08-20 12:00:02,76103,88.5,0.49,4.13,
2025-08-20 15:00:11,76196,97.4,0.47,3.98,
2025-08-20 18:00:28,76289,113.0,0.49,4.14,
2025-08-21 06:00:40,76649,143.0,0.51,3.27,
2025-08-21 09:00:58,76735,127.0,0.59,3.21,
2025-08-21 12:00:14,76808,108.0,0.53,3.0,
2025-08-21 15:00:31,76909,121.0,0.52,3.48,
2025-08-21 18:00:51,76974,120.0,0.46,3.02,
2025-08-21 21:00:09,77064,109.0,0.44,2.78,
2025-08-22 00:00:28,77150,97.8,0.52,2.57,
2025-08-22 03:00:20,77228,112.0,0.44,2.59,
2025-08-22 06:00:05,77333,101.0,0.39,3.34,
2025-08-22 09:00:23,77424,91.5,0.41,4.11,
2025-08-22 12:00:41,77532,110.0,0.42,5.37,
2025-08-22 15:00:59,77616,93.3,0.55,4.52,
2025-08-22 18:00:17,77701,93.6,0.55,4.01,
2025-08-22 21:00:35,77782,98.6,0.5,3.81,
2025-08-23 00:00:32,77865,99.6,0.52,3.38,
2025-08-23 03:00:12,77975,100.0,0.61,3.51,
2025-08-23 06:00:31,78058,93.7,0.65,3.37,
2025-08-23 09:00:50,78146,101.0,0.67,3.04,
2025-08-23 12:00:08,78227,108.0,0.55,3.27,
2025-08-23 15:00:26,78317,104.0,0.47,3.82,
2025-08-23 18:00:45,78393,106.0,0.42,3.14,
2025-08-23 21:00:03,78490,119.0,0.36,3.73,
2025-08-24 00:00:21,78583,112.0,0.34,3.95,
2025-08-24 03:00:40,78674,114.0,0.38,4.42,
2025-08-24 06:01:00,78769,126.0,0.37,4.05,
2025-08-24 09:00:18,78855,135.0,0.38,3.82,
2025-08-24 12:00:06,78940,126.0,0.37,4.19,
2025-08-24 15:00:54,79032,128.0,0.37,3.86,
2025-08-24 18:00:12,79127,127.0,0.41,3.75,
2025-08-24 21:00:30,79214,124.0,0.47,3.69,
2025-08-25 00:00:52,79293,103.0,0.45,3.28,
2025-08-25 03:00:11,79390,99.2,0.56,3.8,
2025-08-25 06:00:30,79475,107.0,0.58,3.07,
2025-08-25 09:00:48,79564,104.0,0.51,3.43,
2025-08-25 12:00:07,79652,102.0,0.5,3.38,
2025-08-25 15:00:25,79733,97.3,0.51,3.33,
2025-08-25 18:00:44,79823,108.0,0.46,3.07,
2025-08-25 21:00:02,79938,113.0,0.51,4.42,
2025-08-26 00:00:21,80009,104.0,0.41,4.62,
2025-08-26 03:00:41,80101,101.0,0.4,4.54,
2025-08-26 06:00:01,80187,122.0,0.41,4.18,
2025-08-26 09:00:20,80292,109.0,0.49,4.36,
2025-08-26 12:00:39,80372,101.0,0.48,4.51,
2025-08-26 15:00:58,80464,100.0,0.53,4.19,
2025-08-26 18:00:16,80544,93.8,0.6,4.26,
2025-08-26 21:00:34,80641,99.3,0.49,3.71,
2025-08-27 00:00:54,80724,114.0,0.52,3.42,
2025-08-27 03:00:13,80806,114.0,0.52,2.97,
2025-08-27 06:00:32,80895,114.0,0.52,2.92,
2025-08-27 09:00:31,80978,99.1,0.5,3.08,
2025-08-27 12:00:09,81076,105.0,0.47,3.07,
2025-08-27 15:00:28,81164,101.0,0.5,3.31,
2025-08-27 18:00:53,81245,97.2,0.47,3.23,
2025-08-27 21:00:13,81337,98.4,0.49,3.4,
2025-08-28 00:00:32,81425,101.0,0.49,3.01,
2025-08-28 03:00:52,81532,116.0,0.53,3.13,
2025-08-28 06:00:12,81625,119.0,0.57,3.37,
2025-08-28 09:00:31,81697,112.0,0.52,3.53,
2025-08-28 12:00:50,81776,93.7,0.44,3.16,
2025-08-28 15:00:10,81875,94.7,0.47,3.63,
2025-08-28 18:00:28,81986,110.0,0.57,4.15,
2025-08-28 21:00:13,82082,102.0,0.69,4.81,
2025-08-28 21:00:14,82082,102.0,0.69,4.81,
2025-08-29 00:00:09,82165,111.0,0.6,4.66,
2025-08-29 03:00:32,82254,120.0,0.59,4.23,
2025-08-29 06:00:35,82345,137.0,0.6,3.82,
2025-08-29 09:00:10,82425,111.0,0.57,4.15,
2025-08-29 12:00:31,82516,93.1,0.54,5.15,
2025-08-29 18:00:44,82663,86.4,0.51,3.74,
2025-08-29 21:00:10,82758,92.0,0.52,3.22,
2025-08-30 00:00:23,82855,94.0,0.58,3.47,
2025-08-30 03:00:36,82944,106.0,0.57,3.44,
2025-08-30 06:00:50,83027,97.9,0.54,3.34,
2025-08-30 09:00:02,83108,103.0,0.46,3.14,
2025-08-30 12:00:16,83208,100.0,0.5,2.96,
2025-08-30 15:00:28,83308,122.0,0.55,4.08,
2025-08-30 18:00:41,83391,102.0,0.47,4.27,
2025-08-30 21:00:55,83468,99.6,0.48,3.84,
2025-08-31 00:00:08,83574,97.0,0.5,4.22,
2025-08-31 03:00:22,83668,107.0,0.46,5.13,
2025-08-31 06:00:36,83749,90.7,0.41,4.59,
2025-08-31 09:00:50,83844,105.0,0.54,4.62,
2025-08-31 12:00:03,83922,105.0,0.47,4.21,
2025-08-31 15:00:16,84004,96.2,0.44,3.96,
2025-08-31 18:00:29,84106,102.0,0.46,4.02,
2025-08-31 21:00:25,84190,129.0,0.4,4.01,
2025-09-01 00:00:57,84274,109.0,0.4,3.62,
2025-09-01 03:00:12,84379,127.0,0.46,3.82,
2025-09-01 06:00:26,84450,114.0,0.44,3.33,
2025-09-01 09:00:40,84540,110.0,0.41,3.62,
2025-09-01 12:00:53,84621,95.2,0.44,3.16,
2025-09-01 15:00:07,84719,94.8,0.43,3.72,
2025-09-01 18:00:21,84817,111.0,0.41,4.44,
2025-09-01 21:00:13,84908,111.0,0.42,4.15,
2025-09-02 00:00:49,84997,120.0,0.4,4.53,
2025-09-02 03:00:03,85073,124.0,0.35,4.09,
2025-09-02 06:00:16,85165,118.0,0.41,3.59,
2025-09-02 09:00:30,85279,110.0,0.52,4.28,
2025-09-02 12:00:44,85358,102.0,0.49,4.66,
2025-09-02 15:00:48,85441,106.0,0.46,4.16,
2025-09-02 18:00:11,85511,114.0,0.42,3.81,
2025-09-02 21:00:05,85599,103.0,0.4,3.86,
2025-09-03 00:00:41,85698,103.0,0.4,3.72,
2025-09-03 03:00:57,85800,108.0,0.45,3.62,
2025-09-03 06:00:12,85888,116.0,0.48,4.34,
2025-09-03 09:00:26,85982,111.0,0.51,3.96,
2025-09-03 12:00:40,86066,119.0,0.45,4.05,
2025-09-03 15:00:55,86129,121.0,0.43,3.6,
2025-09-03 18:00:08,86206,101.0,0.33,3.24,
2025-09-03 21:00:22,86303,114.0,0.38,3.09,
2025-09-04 00:00:37,86397,110.0,0.38,3.36,
2025-09-04 03:00:22,86493,123.0,0.42,3.63,
2025-09-04 06:00:08,86589,108.0,0.43,4.56,
2025-09-04 09:00:22,86680,108.0,0.4,4.65,
2025-09-04 12:00:36,86758,103.0,0.45,4.09,
2025-09-04 15:00:27,86837,91.8,0.4,4.13,
2025-09-04 18:00:06,86923,94.4,0.34,3.91,
2025-09-04 21:00:22,87025,88.7,0.36,4.95,
2025-09-05 00:00:37,87107,90.6,0.35,4.43,
2025-09-05 03:00:53,87196,102.0,0.38,3.72,
2025-09-05 06:00:09,87291,109.0,0.38,3.84,
2025-09-05 09:00:24,87390,103.0,0.41,4.17,
2025-09-05 12:00:17,87472,108.0,0.39,3.99,
2025-09-05 15:00:53,87559,100.0,0.48,3.4,
2025-09-05 18:00:07,87652,122.0,0.39,3.61,
2025-09-05 21:00:21,87727,112.0,0.38,4.07,
2025-09-06 03:00:49,87904,100.0,0.34,3.36,
2025-09-06 06:00:04,87986,92.4,0.37,3.05,
2025-09-06 09:00:18,88074,96.9,0.4,2.87,
2025-09-06 12:00:32,88160,84.0,0.35,3.21,
2025-09-06 15:00:47,88246,74.8,0.34,3.94,
2025-09-06 18:00:01,88352,87.1,0.33,4.27,
2025-09-06 21:00:15,88432,84.4,0.31,4.89,
2025-09-07 00:00:30,88528,69.4,0.34,5.12,
2025-09-07 03:00:45,88622,80.0,0.4,4.33,
2025-09-07 06:01:00,88712,81.4,0.52,3.95,
2025-09-07 09:00:14,88801,88.7,0.41,4.21,
2025-09-07 12:00:17,88892,86.6,0.4,4.73,
2025-09-07 15:00:42,88979,77.7,0.4,4.7,
2025-09-07 18:00:57,89065,78.6,0.41,5.2,
2025-09-07 21:00:10,89145,73.6,0.38,4.5,
2025-09-08 00:00:25,89246,93.8,0.38,4.76,
2025-09-08 03:00:40,89316,88.8,0.37,3.88,
2025-09-08 06:00:55,89423,88.0,0.44,4.11,
2025-09-08 09:00:10,89515,93.0,0.47,3.85,
2025-09-08 12:00:25,89584,81.4,0.46,3.73,
2025-09-08 15:00:39,89664,68.7,0.37,3.95,
2025-09-08 18:00:54,89766,77.6,0.35,4.38,
2025-09-08 21:00:08,89855,80.3,0.43,4.58,
2025-09-09 00:00:02,89948,77.0,0.38,4.51,
2025-09-09 03:00:37,90033,83.5,0.35,4.46,
2025-09-09 06:00:51,90108,83.4,0.32,3.91,
2025-09-09 09:00:06,90205,84.2,0.31,4.26,
2025-09-09 12:00:22,90287,74.5,0.31,4.08,
2025-09-09 15:00:13,90370,72.3,0.35,4.03,
2025-09-09 18:00:34,90460,74.3,0.39,3.51,
2025-09-09 21:00:04,90559,75.7,0.39,3.64,
2025-09-10 00:00:12,90642,90.6,0.35,3.48,
2025-09-10 03:00:35,90728,76.4,0.38,3.1,
2025-09-10 06:00:49,90824,97.2,0.37,3.54,
2025-09-10 09:00:03,90918,94.0,0.42,3.09,
2025-09-10 12:00:19,91005,70.5,0.54,3.26,
2025-09-10 15:00:35,91078,64.9,0.45,3.23,
2025-09-10 18:00:51,91160,59.2,0.42,3.33,
2025-09-10 21:00:07,91232,49.4,0.36,3.23,
2025-09-11 00:00:22,91324,44.7,0.36,2.99,
2025-09-11 03:00:38,91414,52.7,0.4,2.95,
2025-09-11 06:00:54,91496,52.8,0.36,2.62,
2025-09-11 09:00:09,91600,50.2,0.31,4.11,
2025-09-11 12:00:08,91691,48.9,0.35,4.54,
2025-09-11 15:00:39,91782,49.3,0.27,5.21,
2025-09-11 18:00:54,91870,54.6,0.31,5.01,
2025-09-11 21:00:10,91958,45.9,0.3,4.6,
2025-09-12 00:00:26,92047,48.8,0.34,4.57,
2025-09-12 03:00:09,92137,44.6,0.47,4.15,
2025-09-12 06:00:12,92211,44.0,0.38,3.75,
2025-09-12 09:00:13,92298,45.6,0.3,4.04,
2025-09-12 12:00:06,92380,44.5,0.27,4.34,
2025-09-12 15:00:44,92486,47.1,0.31,4.03,
2025-09-12 18:00:03,92582,58.4,0.47,3.51,
2025-09-12 21:00:05,92662,51.2,0.37,3.71,
2025-09-13 00:00:30,92755,57.9,0.33,3.69,
2025-09-13 03:00:46,92844,57.8,0.34,4.06,
2025-09-13 06:00:02,92935,54.9,0.38,3.83,
2025-09-13 09:00:18,93038,54.5,0.4,4.76,
2025-09-13 12:00:34,93118,55.8,0.41,4.35,
2025-09-13 15:00:50,93195,44.8,0.39,4.52,
2025-09-13 18:00:05,93296,47.6,0.32,5.3,
2025-09-13 21:00:20,93387,55.8,0.33,4.78,
2025-09-14 00:00:37,93483,53.8,0.36,5.11,
2025-09-14 03:00:52,93563,44.4,0.36,5.24,
2025-09-14 06:00:08,93651,52.4,0.36,4.72,
2025-09-14 09:00:25,93737,44.4,0.34,4.48,
2025-09-14 12:00:42,93817,45.5,0.37,4.38,
2025-09-14 15:00:57,93914,46.9,0.31,4.41,
2025-09-14 18:00:12,94005,51.3,0.42,4.01,
2025-09-14 21:00:28,94091,48.0,0.36,3.93,
2025-09-15 00:00:45,94176,49.3,0.34,3.55,
2025-09-15 03:00:01,94254,49.2,0.37,3.63,
2025-09-15 06:00:17,94347,45.3,0.42,3.39,
2025-09-15 09:00:15,94445,49.6,0.37,3.8,
2025-09-15 12:00:15,94516,49.5,0.31,4.09,
2025-09-15 15:00:05,94605,51.2,0.25,4.32,
2025-09-15 18:00:20,94701,47.7,0.24,5.3,
2025-09-15 21:00:36,94783,43.7,0.27,4.69,
2025-09-16 00:00:52,94875,43.0,0.31,4.43,
2025-09-16 03:00:09,94959,41.0,0.28,4.66,
2025-09-16 06:00:23,95067,47.7,0.27,3.8,
2025-09-16 09:00:41,95173,48.3,0.24,3.87,
2025-09-16 12:00:57,95264,47.8,0.25,3.79,
2025-09-16 15:00:13,95348,46.3,0.24,3.7,
2025-09-16 18:00:28,95459,49.6,0.23,4.23,
2025-09-16 21:00:45,95550,47.6,0.25,4.64,
2025-09-17 00:00:01,95634,47.0,0.25,4.2,
2025-09-17 03:00:19,95717,41.0,0.25,3.7,
2025-09-17 06:00:36,95798,39.0,0.28,3.68,
2025-09-17 09:00:52,95883,41.7,0.26,3.44,
2025-09-17 12:00:08,95966,43.6,0.23,3.79,
2025-09-17 15:00:25,96043,42.3,0.2,3.93,
2025-09-17 18:00:41,96126,40.4,0.21,3.81,
2025-09-17 21:00:59,96211,36.6,0.21,4.24,
2025-09-18 00:00:16,96301,37.8,0.23,3.79,
2025-09-18 03:00:34,96384,38.8,0.31,3.64,
2025-09-18 06:00:44,96471,45.5,0.29,3.4,
2025-09-18 09:00:08,96555,48.2,0.25,3.25,
2025-09-18 12:00:25,96637,47.1,0.22,3.49,
2025-09-18 15:00:43,96751,45.1,0.24,3.69,
2025-09-18 18:00:00,96842,45.0,0.24,3.66,
2025-09-18 21:00:17,96925,44.3,0.22,4.21,
2025-09-18 22:57:59,96980,43.8,0.21,3.99,
2025-09-18 23:01:57,96982,43.9,0.21,4.02,
2025-09-18 23:08:00,96984,44.1,0.21,4.05,119.0
2025-09-19 00:00:02,97014,47.4,0.19,4.13,120.0
2025-09-19 03:00:04,97105,50.6,0.22,4.04,112.0
2025-09-19 06:00:06,97213,51.9,0.2,4.05,121.0
2025-09-19 09:00:09,97300,53.5,0.19,4.82,135.0
2025-09-19 12:00:11,97386,54.9,0.19,4.97,142.0
2025-09-19 15:00:13,97463,51.4,0.19,4.55,3.14
2025-09-19 18:00:49,97539,52.3,0.19,3.92,2.63
2025-09-19 19:21:53,97536,51.7,0.19,4.0,110.0
2025-09-19 21:00:00,97621,43.3,0.21,3.86,99.1
2025-09-20 00:00:12,97718,47.8,0.24,3.69,91.4
2025-09-20 03:00:24,97812,53.4,0.22,4.15,92.2
2025-09-20 06:00:03,97905,59.3,0.21,3.57,95.1
2025-09-20 09:00:37,97999,66.0,0.24,3.38,97.6
2025-09-20 12:00:00,98085,69.8,0.2,3.7,89.8
2025-09-20 15:00:13,98178,65.8,0.2,3.94,98.0
2025-09-20 18:00:25,98272,59.0,0.19,3.76,120.0
2025-09-20 21:00:01,98369,58.7,0.21,4.22,127.0
2025-09-21 00:00:48,98460,54.6,0.22,4.74,145.0
2025-09-21 03:00:02,98545,49.6,0.21,5.21,142.0
2025-09-21 06:00:15,98625,44.0,0.22,4.98,121.0
2025-09-21 09:00:27,98715,49.5,0.23,4.85,115.0
2025-09-21 12:00:38,98802,50.7,0.22,4.37,119.0
2025-09-21 15:00:02,98876,45.7,0.21,4.28,115.0
2025-09-21 18:00:02,98962,47.8,0.22,4.05,103.0
2025-09-21 21:00:14,99044,46.5,0.24,3.79,96.9
2025-09-22 00:00:27,99122,46.3,0.2,3.95,86.5
2025-09-22 03:00:39,99211,46.0,0.2,3.56,94.3
2025-09-22 06:00:52,99306,47.3,0.21,3.61,83.3
2025-09-22 09:00:03,99393,42.2,0.24,3.54,84.7
2025-09-22 12:00:15,99492,40.0,0.23,3.8,90.6
2025-09-22 15:00:27,99577,40.3,0.21,4.84,105.0
2025-09-22 18:00:39,99655,34.9,0.18,4.65,104.0
2025-09-22 21:00:52,99751,36.9,0.17,4.36,114.0
2025-09-23 00:00:04,99842,36.0,0.18,4.06,118.0
2025-09-23 03:00:16,99935,34.6,0.19,4.17,134.0
2025-09-23 06:00:29,100020,39.0,0.21,3.91,136.0
2025-09-23 09:00:42,100099,36.6,0.19,3.75,131.0
2025-09-23 12:00:38,100185,33.5,0.17,3.63,117.0
2025-09-23 15:00:06,100281,33.4,0.19,4.17,117.0
2025-09-23 18:00:17,100369,33.8,0.21,4.29,100.0
2025-09-23 21:00:01,100453,34.7,0.23,4.4,97.5
2025-09-24 00:00:03,100520,33.0,0.18,3.7,97.3
2025-09-24 03:00:05,100602,33.0,0.19,3.4,82.9
2025-09-24 06:00:03,100691,36.2,0.19,3.47,79.1
2025-09-24 09:00:09,100784,40.1,0.2,3.28,72.1
2025-09-24 12:00:11,100860,39.4,0.2,3.24,74.0
2025-09-24 15:00:14,100959,37.9,0.17,3.52,71.5
2025-09-24 18:00:15,101056,39.8,0.18,4.0,66.7
2025-09-24 21:00:09,101137,34.6,0.18,4.03,72.9
2025-09-25 00:00:19,101213,34.9,0.17,3.32,74.5
2025-09-25 03:00:21,101311,36.2,0.17,3.61,72.4
2025-09-25 06:00:14,101420,50.6,0.19,3.43,69.8
2025-09-25 09:00:26,101508,51.4,0.19,3.61,77.0
2025-09-25 12:00:12,101610,58.4,0.17,3.71,84.7
2025-09-25 15:00:25,101694,55.0,0.17,3.62,94.5
2025-09-25 18:00:31,101796,54.3,0.16,3.72,110.0
2025-09-25 21:00:16,101893,62.1,0.17,3.91,113.0
2025-09-26 00:00:02,101976,58.0,0.18,3.99,104.0
2025-09-26 03:00:15,102071,54.2,0.17,4.32,111.0
2025-09-26 06:00:29,102159,55.9,0.18,3.86,113.0
2025-09-26 09:00:41,102252,52.8,0.2,4.06,123.0
2025-09-26 12:00:43,102333,49.5,0.17,4.21,121.0
2025-09-26 15:00:07,102426,50.7,0.18,4.67,113.0
2025-09-26 18:00:18,102494,45.8,0.18,4.54,103.0
2025-09-26 21:00:30,102570,44.7,0.17,3.87,86.5
2025-09-27 00:00:47,102657,49.1,0.16,3.79,86.3
2025-09-27 03:00:27,102749,51.9,0.16,3.09,85.3
2025-09-27 06:00:13,102830,47.9,0.15,3.2,95.2
2025-09-27 09:00:25,102919,47.2,0.16,3.08,87.4
2025-09-27 12:00:39,103021,47.1,0.22,3.25,85.2
2025-09-27 15:00:53,103103,43.6,0.21,3.64,88.4
2025-09-27 18:00:04,103187,43.1,0.17,3.6,90.4
2025-09-27 21:00:24,103288,44.6,0.14,3.92,96.5
2025-09-28 00:00:37,103396,48.7,0.17,4.38,131.0
2025-09-28 03:00:51,103485,45.9,0.17,3.97,156.0
2025-09-28 06:00:06,103583,46.2,0.2,4.6,141.0
2025-09-28 09:00:19,103658,45.3,0.18,4.52,125.0
2025-09-28 12:00:32,103750,44.5,0.18,4.66,117.0
2025-09-28 15:00:45,103833,44.4,0.21,4.31,118.0
2025-09-28 18:00:27,103917,39.0,0.22,4.35,111.0
2025-09-28 21:00:10,104019,39.9,0.28,4.21,101.0
2025-09-29 00:00:24,104101,40.8,0.33,4.02,85.6
2025-09-29 03:00:24,104180,44.6,0.31,3.81,80.6
2025-09-29 06:00:51,104268,41.6,0.26,3.85,88.6
2025-09-29 09:00:05,104359,56.6,0.24,3.65,89.4
2025-09-29 12:00:19,104425,50.8,0.2,3.7,78.0
2025-09-29 15:00:22,104523,41.6,0.19,4.36,89.3
2025-09-29 18:00:45,104610,37.9,0.17,4.4,102.0
2025-09-29 21:00:59,104710,38.6,0.17,4.34,124.0
2025-09-30 00:00:12,104806,43.2,0.24,4.01,136.0
2025-09-30 03:00:27,104907,43.1,0.28,3.9,137.0
2025-09-30 06:00:41,104989,44.7,0.25,3.99,119.0
2025-09-30 09:00:27,105081,48.2,0.22,4.17,130.0
2025-09-30 12:00:09,105181,55.8,0.25,3.95,127.0
2025-09-30 15:00:14,105261,55.0,0.25,4.44,110.0
2025-09-30 18:00:02,105320,48.1,0.18,4.45,109.0
2025-09-30 21:00:51,105394,47.1,0.16,4.08,82.9
2025-10-01 00:00:04,105479,45.2,0.18,3.89,81.0
2025-10-01 03:00:18,105574,42.3,0.21,3.55,84.6
2025-10-01 06:00:33,105656,44.5,0.18,3.48,81.2
2025-10-01 09:00:02,105748,45.2,0.17,3.46,93.0
2025-10-01 12:00:01,105817,40.2,0.15,3.62,92.3
2025-10-01 15:00:14,105904,42.2,0.14,3.06,85.2
2025-10-01 18:00:18,106007,46.7,0.14,3.08,82.9
2025-10-01 21:00:20,106102,51.1,0.14,3.75,93.4
2025-10-02 00:00:03,106175,49.5,0.14,3.51,95.0
2025-10-02 03:00:15,106267,53.8,0.13,3.28,79.1
2025-10-02 06:00:26,106370,55.8,0.14,3.29,88.4
2025-10-02 09:00:13,106450,50.1,0.16,3.37,86.3
2025-10-02 12:00:31,106536,51.1,0.14,3.09,95.3
2025-10-02 15:00:05,106632,51.2,0.13,3.04,107.0
2025-10-02 18:00:16,106729,56.2,0.12,3.06,111.0
2025-10-02 21:00:20,106826,53.7,0.16,3.72,112.0
2025-10-03 00:00:22,106926,65.5,0.17,3.61,122.0
2025-10-03 03:00:40,107019,65.6,0.14,4.58,126.0
2025-10-03 06:00:05,107104,65.3,0.13,4.28,125.0
2025-10-03 09:00:16,107193,62.9,0.13,4.54,113.0
2025-10-03 12:00:28,107285,70.4,0.14,4.53,110.0
2025-10-03 15:00:03,107364,77.3,0.15,4.05,97.5
2025-10-03 18:00:50,107443,76.8,0.15,3.7,79.6
2025-10-03 21:00:05,107542,75.9,0.18,3.33,88.4
2025-10-04 00:00:18,107626,71.4,0.18,3.54,106.0
2025-10-04 03:00:30,107710,66.8,0.15,3.22,101.0
2025-10-04 06:00:41,107796,64.1,0.15,3.47,98.9
2025-10-04 09:00:18,107876,60.1,0.14,3.45,104.0
2025-10-04 12:00:06,107963,61.8,0.13,3.12,100.0
2025-10-04 15:00:18,108079,65.3,0.15,3.82,115.0
2025-10-04 18:00:31,108172,69.0,0.16,4.58,132.0
2025-10-04 21:00:11,108264,68.1,0.16,4.35,126.0
2025-10-05 00:00:55,108347,66.4,0.16,4.32,112.0
2025-10-05 03:00:07,108444,56.7,0.18,4.54,118.0
2025-10-05 06:00:19,108544,64.8,0.19,4.12,141.0
2025-10-05 09:00:23,108625,73.4,0.19,4.1,143.0
2025-10-05 12:00:44,108705,70.5,0.19,3.62,150.0
2025-10-05 15:00:10,108802,65.2,0.2,3.59,146.0
2025-10-05 18:00:07,108881,65.3,0.21,3.89,120.0
2025-10-05 21:00:19,108956,61.9,0.22,3.72,105.0
2025-10-06 00:00:31,109030,56.1,0.19,3.18,95.6
2025-10-06 03:00:45,109132,60.2,0.2,3.18,92.4
2025-10-06 06:00:57,109237,66.7,0.24,3.16,108.0
2025-10-06 09:00:09,109339,60.0,0.28,3.72,116.0
2025-10-06 12:00:21,109423,65.6,0.24,3.94,4990.0
2025-10-06 15:00:34,109504,63.4,0.2,3.94,4940.0
2025-10-06 18:00:46,109601,60.5,0.21,3.86,5530.0
2025-10-06 21:00:02,109696,56.0,0.23,4.06,6080.0
2025-10-07 00:00:11,109791,62.9,0.27,3.85,6370.0
2025-10-07 03:00:02,109895,75.4,0.26,3.73,7400.0
2025-10-07 06:00:04,109978,70.9,0.22,3.44,10300.0
2025-10-07 09:00:06,110078,69.2,0.24,4.36,10200.0
2025-10-07 12:00:01,110154,65.4,0.21,4.74,8740.0
2025-10-07 15:00:10,110232,61.8,0.22,4.26,7970.0
2025-10-07 18:00:03,110327,67.1,0.28,4.08,6950.0
2025-10-07 21:00:14,110426,74.4,0.29,4.11,6550.0
2025-10-08 00:00:16,110484,74.2,0.27,3.77,6130.0
2025-10-08 03:00:03,110565,67.7,0.22,3.35,5200.0
2025-10-08 06:00:17,110648,63.9,0.22,3.22,4880.0
2025-10-08 09:00:23,110742,62.5,0.21,3.74,4890.0
2025-10-08 12:00:25,110832,65.2,0.24,3.6,5290.0
2025-10-08 15:00:55,110923,59.0,0.28,3.08,5090.0
2025-10-08 18:00:16,111011,56.3,0.29,3.14,4990.0
2025-10-08 21:00:29,111105,62.0,0.26,3.41,4670.0
2025-10-09 00:00:05,111204,66.0,0.27,3.24,127.0
2025-10-09 03:00:07,111294,76.8,0.29,3.55,123.0
2025-10-09 06:00:09,111381,80.7,0.3,3.35,132.0
2025-10-09 09:00:12,111464,71.5,0.23,3.14,143.0
2025-10-09 12:00:14,111538,61.6,0.23,3.15,158.0
2025-10-09 15:00:11,111645,54.0,0.22,3.8,187.0
2025-10-09 18:00:15,111730,54.8,0.22,4.19,167.0
2025-10-09 21:00:17,111817,61.0,0.21,3.84,158.0
2025-10-10 00:00:22,111918,60.0,0.25,3.81,153.0
2025-10-10 03:00:00,112013,61.7,0.23,3.86,187.0
2025-10-10 06:00:14,112089,63.1,0.22,3.62,173.0
2025-10-10 09:00:26,112186,70.6,0.23,3.89,152.0
2025-10-10 12:00:30,112272,76.1,0.28,3.63,133.0
2025-10-10 15:00:33,112344,73.3,0.26,4.02,125.0
2025-10-10 18:00:03,112429,66.0,0.21,3.82,103.0
2025-10-10 21:00:15,112525,66.3,0.28,3.89,106.0
